strategy_key,common_start_date,common_end_date,common_date_count,common_years,strategy_cagr,spy_cagr,strategy_cagr_spy_ratio,strategy_maximum_drawdown,spy_maximum_drawdown,maximum_drawdown_spy_ratio,strategy_cdar95,spy_cdar95,cdar95_spy_ratio,strategy_calmar,spy_calmar,calmar_spy_ratio,strategy_recovery_duration_days,spy_recovery_duration_days,annual_turnover,total_transaction_cost,variant,score_lookback,parent_signal_key,raw_boolean_signal_count,executable_trigger_count,completed_lifecycle_count,shift_edge_loss_raw_count,shift_edge_loss_executable_trigger_count,executable_trigger_count_matches_parent,shift_method,shift_requested_offset,shift_resolved_offsets
prior_price_high_l20,2016-08-01,2026-07-30,2513,9.99315537303217,0.04073378551331941,0.14919886159237805,0.27301673135152343,-0.20016679611738064,-0.3371726930381139,0.5936625362919109,-0.18880451775195595,-0.20551174318133628,0.9187042785451026,0.2034992131733604,0.4424998366505103,0.45988539727775224,1402,708,26.2028833158983,310.00113337126174,prior_price_high,,,77711,45644,8497,,,,,,
score_breakout_l10,2016-08-01,2026-07-30,2513,9.99315537303217,0.03114592084297696,0.14919886159237805,0.20875441347582022,-0.28095922999741696,-0.3371726930381139,0.8332799061092928,-0.25342478941803515,-0.20551174318133628,1.233140187003436,0.11085565988796063,0.4424998366505103,0.2505213577638341,1724,708,28.988347436861794,329.67865190380024,score_breakout,10.0,,88258,47799,10361,,,,,,
score_breakout_l10__random_10427,2016-08-01,2026-07-30,2513,9.99315537303217,0.029626416447237736,0.14919886159237805,0.19856998995192887,-0.26371133986450734,-0.3371726930381139,0.7821254369335819,-0.23755654499227397,-0.20551174318133628,1.1559268648831542,0.11234411255298896,0.4424998366505103,0.25388509384178415,1522,708,32.31822086850323,358.6129698017878,frequency_matched_random,10.0,score_breakout_l10,47799,47799,13150,,,,,,
score_breakout_l10__random_1729,2016-08-01,2026-07-30,2513,9.99315537303217,0.034312583500845095,0.14919886159237805,0.22997885596868375,-0.2595288804940471,-0.3371726930381139,0.7697209348584763,-0.23221517632001343,-0.20551174318133628,1.1299362884344522,0.13221104115860483,0.4424998366505103,0.29878212421358724,1448,708,32.48515205078712,370.4331571856352,frequency_matched_random,10.0,score_breakout_l10,47799,47799,13227,,,,,,
score_breakout_l10__random_3253,2016-08-01,2026-07-30,2513,9.99315537303217,0.025582138006084332,0.14919886159237805,0.1714633592579048,-0.28847971262424255,-0.3371726930381139,0.8555844485058369,-0.263640308509482,-0.20551174318133628,1.2828479016737022,0.08867915796701513,0.4424998366505103,0.20040495074138207,1724,708,32.8193740924769,358.31359785012677,frequency_matched_random,10.0,score_breakout_l10,47799,47799,13184,,,,,,
score_breakout_l10__random_5003,2016-08-01,2026-07-30,2513,9.99315537303217,0.024115724780808145,0.14919886159237805,0.16163477739323526,-0.29404356553338296,-0.3371726930381139,0.8720859417288112,-0.2722829948649606,-0.20551174318133628,1.3249023664049588,0.08201412174098491,0.4424998366505103,0.18534271642174702,1659,708,32.543082358771066,346.8332011451178,frequency_matched_random,10.0,score_breakout_l10,47799,47799,13162,,,,,,
score_breakout_l10__random_7919,2016-08-01,2026-07-30,2513,9.99315537303217,0.028066604011289797,0.14919886159237805,0.1881154032392671,-0.29401547860492816,-0.3371726930381139,0.8720026404145745,-0.2679912558990081,-0.20551174318133628,1.3040191852323597,0.09545961370626749,0.4424998366505103,0.2157280202154339,1659,708,32.53213868500589,358.15524376141445,frequency_matched_random,10.0,score_breakout_l10,47799,47799,13101,,,,,,
score_breakout_l10__shift_63,2016-08-01,2026-07-30,2513,9.99315537303217,0.025957812585233775,0.14919886159237805,0.17398130460373332,-0.2747656569120239,-0.3371726930381139,0.814910764084221,-0.24905390295571794,-0.20551174318133628,1.2118718818708165,0.09447255118038678,0.4424998366505103,0.21349736961598453,1525,708,33.03422442952737,356.0739348167751,shifted_placebo,10.0,score_breakout_l10,47799,47799,12948,40459.0,0.0,True,circular_eligible_session_index,63.0,"{""AAXJ"":63,""ACWI"":126,""ACWV"":63,""ACWX"":63,""AGG"":63,""AIA"":238,""AIQ"":63,""AIRR"":63,""AKRE"":63,""AMLP"":63,""ANGL"":303,""AOA"":85,""AOR"":63,""ARKK"":1198,""ARTY"":63,""AVDE"":63,""AVDV"":172,""AVEM"":740,""AVLV"":63,""AVSC"":65,""AVUS"":63,""AVUV"":63,""BAI"":63,""BBAX"":63,""BBCA"":63,""BBEU"":63,""BBIN"":63,""BBJP"":63,""BBUS"":63,""BIL"":1047,""BILS"":63,""BINC"":63,""BIV"":63,""BKLC"":63,""BKLN"":63,""BLCR"":63,""BLV"":154,""BND"":63,""BNDX"":63,""BOND"":267,""BOTZ"":63,""BOXX"":63,""BSCQ"":63,""BSCR"":63,""BSCS"":63,""BSV"":0,""BTC"":63,""CALF"":63,""CGBL"":63,""CGCB"":0,""CGCP"":63,""CGGO"":63,""CGGR"":63,""CGHM"":63,""CGMM"":63,""CGMS"":63,""CGMU"":63,""CGUS"":81,""CGXU"":63,""CIBR"":63,""CMF"":63,""COPX"":63,""CORO"":63,""COWZ"":123,""CQQQ"":164,""CWB"":63,""DBEF"":63,""DBMF"":63,""DCOR"":63,""DFAC"":63,""DFAE"":718,""DFAI"":63,""DFAS"":63,""DFAT"":677,""DFAU"":63,""DFAX"":63,""DFCF"":272,""DFEM"":447,""DFGR"":63,""DFIC"":63,""DFIS"":63,""DFIV"":63,""DFLV"":63,""DFSV"":63,""DFUS"":63,""DFUV"":63,""DIA"":63,""DIHP"":63,""DISV"":63,""DRAM"":63,""DSI"":63,""DUHP"":63,""DXJ"":63,""DYNF"":63,""EAGG"":63,""EAGL"":63,""EDV"":490,""EEM"":139,""EEMV"":63,""EFA"":63,""EFAV"":272,""EFG"":194,""EFV"":63,""EMB"":63,""EMLC"":0,""EMLP"":278,""EMXC"":63,""ESGD"":119,""ESGE"":63,""ESGU"":63,""ESGV"":63,""ETHA"":63,""EUFN"":63,""EVTR"":63,""EWC"":619,""EWJ"":315,""EWT"":63,""EWU"":63,""EWY"":284,""EWZ"":63,""EZU"":63,""FBCG"":63,""FBND"":63,""FBTC"":63,""FDL"":318,""FDN"":63,""FELC"":63,""FELG"":63,""FELV"":63,""FENI"":0,""FESM"":63,""FEZ"":552,""FHLC"":123,""FIMU"":63,""FIXD"":162,""FLCB"":63,""FLJP"":63,""FLOT"":63,""FLXR"":63,""FMDE"":63,""FNDA"":275,""FNDE"":63,""FNDF"":63,""FNDX"":506,""FPE"":63,""FRDM"":0,""FREI"":63,""FSEC"":63,""FTCS"":425,""FTEC"":495,""FV"":0,""FWD"":269,""FXI"":99,""GBIL"":1035,""GBTC"":63,""GDX"":215,""GDXJ"":381,""GLD"":112,""GLDM"":113,""GNR"":63,""GOVT"":481,""GRID"":75,""GRNY"":63,""GSIE"":63,""GSLC"":63,""GSUS"":63,""GUNR"":63,""GVI"":63,""HEFA"":63,""HELO"":63,""HGER"":63,""HYD"":63,""HYG"":63,""HYLB"":120,""HYMB"":264,""IAGG"":1245,""IALT"":63,""IAU"":112,""IAUM"":92,""IBB"":274,""IBDR"":63,""IBDS"":701,""IBDT"":63,""IBDU"":63,""IBDV"":63,""IBIT"":63,""ICVT"":63,""IDEF"":18,""IDEV"":78,""IDMO"":63,""IEF"":73,""IEFA"":63,""IEI"":63,""IEMG"":137,""IEUR"":63,""IFRA"":65,""IGF"":63,""IGIB"":279,""IGM"":63,""IGSB"":63,""IGV"":63,""IJH"":118,""IJJ"":63,""IJK"":63,""IJR"":63,""IJS"":273,""IJT"":63,""ILCG"":255,""ILF"":63,""IMCG"":136,""IMTM"":63,""INDA"":63,""INTF"":63,""IOO"":63,""IQLT"":63,""IQMM"":63,""ISTB"":697,""ITA"":63,""ITOT"":139,""IUSB"":63,""IUSG"":63,""IUSV"":63,""IVE"":63,""IVLU"":153,""IVOO"":63,""IVV"":63,""IVW"":63,""IWB"":63,""IWD"":63,""IWF"":0,""IWM"":63,""IWN"":63,""IWO"":63,""IWP"":63,""IWR"":63,""IWS"":63,""IWV"":63,""IWX"":307,""IWY"":484,""IXJ"":63,""IXN"":495,""IXUS"":0,""IYF"":63,""IYH"":379,""IYR"":0,""IYW"":484,""JAAA"":63,""JAVA"":63,""JBND"":63,""JCPB"":272,""JGLO"":63,""JGRO"":67,""JHMM"":90,""JIRE"":63,""JIVE"":63,""JMBS"":63,""JMTG"":16,""JMUB"":63,""JNK"":63,""JPIE"":63,""JPLD"":63,""JQUA"":63,""JTEK"":79,""KBWB"":63,""KRE"":63,""KWEB"":79,""LMBS"":63,""LQD"":89,""LRGF"":144,""MAGS"":63,""MBB"":63,""MCHI"":89,""MDY"":63,""MGC"":79,""MGK"":674,""MGV"":63,""MLPX"":131,""MOAT"":63,""MSLC"":63,""MTUM"":63,""MUB"":63,""MUNI"":238,""NEAR"":63,""NLR"":63,""OEF"":63,""OMFL"":63,""ONEQ"":63,""PAAA"":63,""PAVE"":63,""PBUS"":63,""PDBC"":89,""PFF"":63,""PGX"":131,""PPA"":63,""PRF"":63,""PSI"":63,""PTLC"":179,""PVAL"":63,""PYLD"":63,""PZA"":388,""QLTY"":63,""QQQ"":491,""QQQI"":63,""QQQM"":491,""QTEC"":63,""QTUM"":63,""QUAL"":163,""RECS"":63,""REET"":221,""RSP"":63,""RSPT"":169,""RWL"":145,""SCHA"":63,""SCHB"":139,""SCHC"":63,""SCHE"":63,""SCHF"":63,""SCHG"":1816,""SCHH"":91,""SCHI"":63,""SCHK"":63,""SCHM"":63,""SCHO"":63,""SCHP"":1577,""SCHR"":94,""SCHV"":63,""SCHX"":63,""SCHZ"":63,""SCMB"":63,""SCZ"":281,""SGOL"":63,""SGOV"":63,""SHLD"":63,""SHM"":120,""SHV"":976,""SHY"":1619,""SHYG"":63,""SIL"":957,""SILJ"":63,""SIVR"":63,""SJNK"":63,""SLV"":63,""SLYG"":63,""SLYV"":222,""SMBS"":63,""SMH"":63,""SMLF"":199,""SMMD"":63,""SOXX"":63,""SPAB"":63,""SPDW"":63,""SPEM"":74,""SPHQ"":170,""SPHY"":63,""SPIB"":637,""SPMB"":63,""SPMD"":118,""SPMO"":63,""SPSB"":63,""SPSM"":63,""SPTI"":459,""SPTL"":63,""SPTM"":63,""SPTS"":63,""SPY"":63,""SPYG"":63,""SPYI"":63,""SPYM"":63,""SPYV"":172,""SRLN"":63,""STIP"":66,""SUB"":63,""SUSA"":63,""TBIL"":63,""TCAF"":63,""TFI"":63,""TFLO"":63,""THRO"":63,""TIP"":77,""TLH"":0,""TLT"":93,""TOTL"":140,""TSPA"":63,""UCON"":63,""URA"":246,""URTH"":63,""USCA"":16,""USFR"":63,""USHY"":63,""USIG"":63,""USMC"":63,""USMV"":63,""USRT"":190,""VAW"":63,""VB"":63,""VBIL"":63,""VBK"":63,""VBR"":63,""VCIT"":63,""VCLT"":63,""VCR"":396,""VCRB"":63,""VCSH"":63,""VDC"":1028,""VDE"":0,""VEA"":63,""VEU"":0,""VFH"":63,""VFLO"":63,""VGIT"":63,""VGK"":63,""VGLT"":63,""VGSH"":63,""VGT"":161,""VHT"":63,""VIG"":63,""VIOO"":63,""VIS"":63,""VLUE"":63,""VMBS"":63,""VNLA"":63,""VNQ"":0,""VNQI"":63,""VO"":63,""VOE"":63,""VONE"":63,""VONG"":0,""VONV"":63,""VOO"":63,""VOOG"":63,""VOOV"":63,""VOT"":63,""VOX"":67,""VPL"":63,""VPU"":63,""VSGX"":63,""VSS"":63,""VT"":126,""VTEB"":63,""VTHR"":141,""VTI"":63,""VTIP"":63,""VTV"":63,""VTWO"":63,""VUG"":63,""VV"":63,""VWO"":63,""VWOB"":63,""VXF"":63,""VXUS"":63,""XAR"":63,""XBI"":200,""XLB"":63,""XLC"":63,""XLE"":63,""XLF"":63,""XLG"":63,""XLI"":63,""XLK"":63,""XLP"":1250,""XLRE"":1017,""XLU"":63,""XLV"":0,""XLY"":0,""XME"":1225,""XMHQ"":63,""XMMO"":71,""XSD"":148,""XSMO"":63,""XT"":0}"
score_breakout_l20,2016-08-01,2026-07-30,2513,9.99315537303217,0.04404311886878087,0.14919886159237805,0.2951974190601388,-0.24307370409336593,-0.3371726930381139,0.7209175271672695,-0.22461230916745328,-0.20551174318133628,1.0929414820313375,0.18119244544800153,0.4424998366505103,0.40947460414795295,1540,708,27.26831741507179,341.49897500529727,score_breakout,20.0,,61694,33365,8154,,,,,,
score_breakout_l20__random_10427,2016-08-01,2026-07-30,2513,9.99315537303217,0.027771059931998243,0.14919886159237805,0.18613452968475566,-0.2681176765505403,-0.3371726930381139,0.7951939231337228,-0.24107860884725243,-0.20551174318133628,1.1730648824020398,0.10357787777846637,0.4424998366505103,0.2340743864732157,1528,708,31.927845838652658,348.8928902525363,frequency_matched_random,20.0,score_breakout_l20,33365,33365,11439,,,,,,
score_breakout_l20__random_1729,2016-08-01,2026-07-30,2513,9.99315537303217,0.03312258230754095,0.14919886159237805,0.222002915799949,-0.25955479206839915,-0.3371726930381139,0.7697977844221778,-0.2341739288154563,-0.20551174318133628,1.1394673860988542,0.12761306406091058,0.4424998366505103,0.2883912116824132,1519,708,31.829621587625553,360.49799978655653,frequency_matched_random,20.0,score_breakout_l20,33365,33365,11481,,,,,,
score_breakout_l20__random_3253,2016-08-01,2026-07-30,2513,9.99315537303217,0.02934874943202348,0.14919886159237805,0.1967089367759813,-0.26871066734310334,-0.3371726930381139,0.7969526384888125,-0.24580253728264373,-0.20551174318133628,1.1960510551737975,0.1092206339339313,0.4424998366505103,0.24682638249241792,1555,708,31.979740978669454,355.9522918114736,frequency_matched_random,20.0,score_breakout_l20,33365,33365,11429,,,,,,
score_breakout_l20__random_5003,2016-08-01,2026-07-30,2513,9.99315537303217,0.024581341965279835,0.14919886159237805,0.1647555598141078,-0.29077844335383685,-0.3371726930381139,0.8624021142808481,-0.26743840409811903,-0.20551174318133628,1.3013290625545464,0.08453632835281316,0.4424998366505103,0.19104262047350898,1666,708,31.797413303307053,343.00507717633184,frequency_matched_random,20.0,score_breakout_l20,33365,33365,11415,,,,,,
score_breakout_l20__random_7919,2016-08-01,2026-07-30,2513,9.99315537303217,0.030140441097257886,0.14919886159237805,0.20201522166840472,-0.2788805175346888,-0.3371726930381139,0.8271147791412758,-0.2542624786687176,-0.20551174318133628,1.2372163007948669,0.10807653888374917,0.4424998366505103,0.24424085600083245,1540,708,32.028285170358686,355.21336857854874,frequency_matched_random,20.0,score_breakout_l20,33365,33365,11452,,,,,,
score_breakout_l20__shift_63,2016-08-01,2026-07-30,2513,9.99315537303217,0.024432652379949182,0.14919886159237805,0.16375897321992264,-0.25310688995551045,-0.3371726930381139,0.7506743433902558,-0.2296428794287234,-0.20551174318133628,1.1174197438736855,0.09653096517540001,0.4424998366505103,0.21814915437277527,1449,708,32.99137677363663,352.0779501856376,shifted_placebo,20.0,score_breakout_l20,33365,33365,10599,28329.0,0.0,True,circular_eligible_session_index,63.0,"{""AAXJ"":63,""ACWI"":126,""ACWV"":63,""ACWX"":63,""AGG"":63,""AIA"":238,""AIQ"":63,""AIRR"":63,""AKRE"":63,""AMLP"":63,""ANGL"":63,""AOA"":85,""AOR"":63,""ARKK"":239,""ARTY"":63,""AVDE"":63,""AVDV"":63,""AVEM"":740,""AVLV"":63,""AVSC"":63,""AVUS"":63,""AVUV"":63,""BAI"":63,""BBAX"":63,""BBCA"":63,""BBEU"":63,""BBIN"":63,""BBJP"":63,""BBUS"":63,""BIL"":1047,""BILS"":63,""BINC"":63,""BIV"":63,""BKLC"":63,""BKLN"":63,""BLCR"":63,""BLV"":154,""BND"":63,""BNDX"":63,""BOND"":267,""BOTZ"":63,""BOXX"":63,""BSCQ"":63,""BSCR"":63,""BSCS"":63,""BSV"":63,""BTC"":63,""CALF"":63,""CGBL"":63,""CGCB"":63,""CGCP"":63,""CGGO"":63,""CGGR"":63,""CGHM"":63,""CGMM"":63,""CGMS"":63,""CGMU"":63,""CGUS"":81,""CGXU"":63,""CIBR"":63,""CMF"":63,""COPX"":63,""CORO"":63,""COWZ"":123,""CQQQ"":63,""CWB"":63,""DBEF"":63,""DBMF"":63,""DCOR"":63,""DFAC"":63,""DFAE"":449,""DFAI"":63,""DFAS"":63,""DFAT"":115,""DFAU"":63,""DFAX"":63,""DFCF"":272,""DFEM"":0,""DFGR"":63,""DFIC"":63,""DFIS"":63,""DFIV"":63,""DFLV"":63,""DFSV"":63,""DFUS"":63,""DFUV"":63,""DIA"":63,""DIHP"":63,""DISV"":63,""DRAM"":63,""DSI"":63,""DUHP"":63,""DXJ"":63,""DYNF"":63,""EAGG"":63,""EAGL"":63,""EDV"":63,""EEM"":63,""EEMV"":63,""EFA"":63,""EFAV"":272,""EFG"":63,""EFV"":63,""EMB"":63,""EMLC"":190,""EMLP"":278,""EMXC"":63,""ESGD"":63,""ESGE"":63,""ESGU"":63,""ESGV"":63,""ETHA"":63,""EUFN"":63,""EVTR"":63,""EWC"":619,""EWJ"":63,""EWT"":63,""EWU"":63,""EWY"":63,""EWZ"":63,""EZU"":63,""FBCG"":63,""FBND"":63,""FBTC"":63,""FDL"":318,""FDN"":63,""FELC"":63,""FELG"":63,""FELV"":63,""FENI"":63,""FESM"":63,""FEZ"":276,""FHLC"":123,""FIMU"":63,""FIXD"":162,""FLCB"":63,""FLJP"":63,""FLOT"":63,""FLXR"":63,""FMDE"":63,""FNDA"":63,""FNDE"":63,""FNDF"":63,""FNDX"":506,""FPE"":63,""FRDM"":0,""FREI"":63,""FSEC"":63,""FTCS"":407,""FTEC"":63,""FV"":0,""FWD"":269,""FXI"":99,""GBIL"":63,""GBTC"":63,""GDX"":215,""GDXJ"":63,""GLD"":63,""GLDM"":63,""GNR"":63,""GOVT"":63,""GRID"":63,""GRNY"":63,""GSIE"":63,""GSLC"":63,""GSUS"":115,""GUNR"":63,""GVI"":63,""HEFA"":63,""HELO"":63,""HGER"":63,""HYD"":63,""HYG"":63,""HYLB"":120,""HYMB"":63,""IAGG"":63,""IALT"":63,""IAU"":63,""IAUM"":63,""IBB"":63,""IBDR"":63,""IBDS"":701,""IBDT"":63,""IBDU"":63,""IBDV"":63,""IBIT"":63,""ICVT"":63,""IDEF"":18,""IDEV"":63,""IDMO"":63,""IEF"":73,""IEFA"":63,""IEI"":63,""IEMG"":351,""IEUR"":63,""IFRA"":63,""IGF"":63,""IGIB"":279,""IGM"":63,""IGSB"":63,""IGV"":63,""IJH"":118,""IJJ"":63,""IJK"":63,""IJR"":63,""IJS"":63,""IJT"":63,""ILCG"":255,""ILF"":63,""IMCG"":136,""IMTM"":63,""INDA"":63,""INTF"":63,""IOO"":63,""IQLT"":63,""IQMM"":63,""ISTB"":63,""ITA"":63,""ITOT"":139,""IUSB"":63,""IUSG"":63,""IUSV"":63,""IVE"":63,""IVLU"":63,""IVOO"":63,""IVV"":63,""IVW"":63,""IWB"":63,""IWD"":63,""IWF"":688,""IWM"":63,""IWN"":63,""IWO"":63,""IWP"":63,""IWR"":63,""IWS"":63,""IWV"":63,""IWX"":63,""IWY"":484,""IXJ"":63,""IXN"":63,""IXUS"":148,""IYF"":63,""IYH"":379,""IYR"":305,""IYW"":484,""JAAA"":63,""JAVA"":63,""JBND"":63,""JCPB"":63,""JGLO"":63,""JGRO"":63,""JHMM"":63,""JIRE"":63,""JIVE"":63,""JMBS"":63,""JMTG"":16,""JMUB"":63,""JNK"":63,""JPIE"":63,""JPLD"":63,""JQUA"":63,""JTEK"":79,""KBWB"":63,""KRE"":63,""KWEB"":63,""LMBS"":63,""LQD"":63,""LRGF"":144,""MAGS"":63,""MBB"":63,""MCHI"":89,""MDY"":63,""MGC"":63,""MGK"":485,""MGV"":63,""MLPX"":131,""MOAT"":63,""MSLC"":63,""MTUM"":63,""MUB"":63,""MUNI"":63,""NEAR"":63,""NLR"":63,""OEF"":63,""OMFL"":63,""ONEQ"":63,""PAAA"":63,""PAVE"":63,""PBUS"":63,""PDBC"":89,""PFF"":63,""PGX"":63,""PPA"":63,""PRF"":63,""PSI"":63,""PTLC"":179,""PVAL"":63,""PYLD"":63,""PZA"":63,""QLTY"":63,""QQQ"":491,""QQQI"":63,""QQQM"":491,""QTEC"":63,""QTUM"":63,""QUAL"":63,""RECS"":63,""REET"":221,""RSP"":63,""RSPT"":63,""RWL"":63,""SCHA"":63,""SCHB"":139,""SCHC"":63,""SCHE"":63,""SCHF"":63,""SCHG"":678,""SCHH"":91,""SCHI"":63,""SCHK"":63,""SCHM"":63,""SCHO"":63,""SCHP"":63,""SCHR"":63,""SCHV"":63,""SCHX"":63,""SCHZ"":63,""SCMB"":63,""SCZ"":63,""SGOL"":63,""SGOV"":63,""SHLD"":63,""SHM"":120,""SHV"":63,""SHY"":888,""SHYG"":63,""SIL"":63,""SILJ"":63,""SIVR"":63,""SJNK"":63,""SLV"":63,""SLYG"":63,""SLYV"":63,""SMBS"":63,""SMH"":63,""SMLF"":199,""SMMD"":63,""SOXX"":63,""SPAB"":63,""SPDW"":63,""SPEM"":74,""SPHQ"":170,""SPHY"":63,""SPIB"":637,""SPMB"":63,""SPMD"":63,""SPMO"":63,""SPSB"":63,""SPSM"":63,""SPTI"":459,""SPTL"":63,""SPTM"":63,""SPTS"":63,""SPY"":63,""SPYG"":63,""SPYI"":63,""SPYM"":63,""SPYV"":63,""SRLN"":63,""STIP"":63,""SUB"":63,""SUSA"":63,""TBIL"":63,""TCAF"":63,""TFI"":63,""TFLO"":63,""THRO"":63,""TIP"":63,""TLH"":0,""TLT"":63,""TOTL"":140,""TSPA"":63,""UCON"":63,""URA"":246,""URTH"":63,""USCA"":16,""USFR"":63,""USHY"":63,""USIG"":63,""USMC"":63,""USMV"":63,""USRT"":190,""VAW"":63,""VB"":63,""VBIL"":63,""VBK"":63,""VBR"":63,""VCIT"":63,""VCLT"":63,""VCR"":63,""VCRB"":63,""VCSH"":63,""VDC"":105,""VDE"":63,""VEA"":63,""VEU"":0,""VFH"":63,""VFLO"":63,""VGIT"":63,""VGK"":63,""VGLT"":63,""VGSH"":63,""VGT"":63,""VHT"":63,""VIG"":63,""VIOO"":63,""VIS"":63,""VLUE"":63,""VMBS"":63,""VNLA"":63,""VNQ"":0,""VNQI"":231,""VO"":63,""VOE"":63,""VONE"":63,""VONG"":689,""VONV"":63,""VOO"":63,""VOOG"":63,""VOOV"":63,""VOT"":63,""VOX"":67,""VPL"":63,""VPU"":63,""VSGX"":63,""VSS"":63,""VT"":126,""VTEB"":63,""VTHR"":141,""VTI"":63,""VTIP"":63,""VTV"":63,""VTWO"":63,""VUG"":63,""VV"":63,""VWO"":63,""VWOB"":63,""VXF"":63,""VXUS"":63,""XAR"":63,""XBI"":63,""XLB"":63,""XLC"":63,""XLE"":63,""XLF"":63,""XLG"":63,""XLI"":63,""XLK"":63,""XLP"":158,""XLRE"":72,""XLU"":63,""XLV"":1675,""XLY"":350,""XME"":177,""XMHQ"":63,""XMMO"":71,""XSD"":63,""XSMO"":63,""XT"":116}"
score_breakout_l40,2016-08-01,2026-07-30,2513,9.99315537303217,0.02898319914859715,0.14919886159237805,0.19425884915785296,-0.26651374770275116,-0.3371726930381139,0.7904369280362349,-0.25535140837383524,-0.20551174318133628,1.2425149260133628,0.10874935870446267,0.4424998366505103,0.24576135333210017,1724,708,26.59765743398966,306.615599008197,score_breakout,40.0,,42548,23315,6094,,,,,,
score_breakout_l40__random_10427,2016-08-01,2026-07-30,2513,9.99315537303217,0.026302616522808187,0.14919886159237805,0.17629234058547186,-0.25560206628190674,-0.3371726930381139,0.75807463522265,-0.2322925094073368,-0.20551174318133628,1.1303125836579087,0.10290455357195234,0.4424998366505103,0.23255274928661077,1525,708,31.30445247661728,339.5674405087883,frequency_matched_random,40.0,score_breakout_l40,23315,23315,9764,,,,,,
score_breakout_l40__random_1729,2016-08-01,2026-07-30,2513,9.99315537303217,0.03248406654556213,0.14919886159237805,0.21772328688613538,-0.2528682935537715,-0.3371726930381139,0.7499667048220519,-0.22817551557528487,-0.20551174318133628,1.1102796951800018,0.12846239474722645,0.4424998366505103,0.29031060377246426,1522,708,30.871259743427654,350.74649670304325,frequency_matched_random,40.0,score_breakout_l40,23315,23315,9723,,,,,,
score_breakout_l40__random_3253,2016-08-01,2026-07-30,2513,9.99315537303217,0.02806687985983425,0.14919886159237805,0.1881172521042082,-0.2623797674514846,-0.3371726930381139,0.778176207234627,-0.2412512337536808,-0.20551174318133628,1.173904858277657,0.10697044262387329,0.4424998366505103,0.24174120251339065,1568,708,31.11362070414387,346.6981182939418,frequency_matched_random,40.0,score_breakout_l40,23315,23315,9750,,,,,,
score_breakout_l40__random_5003,2016-08-01,2026-07-30,2513,9.99315537303217,0.019112717130701506,0.14919886159237805,0.12810229868186807,-0.321979741552491,-0.3371726930381139,0.9549401484778439,-0.30138746349982,-0.20551174318133628,1.4665218582370079,0.0593599989817547,0.4424998366505103,0.13414693987477713,1724,708,31.08683663524673,328.5360814161046,frequency_matched_random,40.0,score_breakout_l40,23315,23315,9696,,,,,,
score_breakout_l40__random_7919,2016-08-01,2026-07-30,2513,9.99315537303217,0.03420669197074999,0.14919886159237805,0.22926912179936815,-0.23695621082540763,-0.3371726930381139,0.7027740256492899,-0.21308745814096935,-0.20551174318133628,1.036862686493533,0.14435870598873612,0.4424998366505103,0.3262344842462659,1448,708,30.91855548602609,356.6975034679686,frequency_matched_random,40.0,score_breakout_l40,23315,23315,9695,,,,,,
score_breakout_l40__shift_63,2016-08-01,2026-07-30,2513,9.99315537303217,0.015934928948624583,0.14919886159237805,0.10680328776341436,-0.23190614124189945,-0.3371726930381139,0.6877963311687427,-0.20918656836619517,-0.20551174318133628,1.0178813391778607,0.06871283728533513,0.4424998366505103,0.15528330542550017,1603,708,32.225303402997945,330.29565947575657,shifted_placebo,40.0,score_breakout_l40,23315,23315,8302,19233.0,0.0,True,circular_eligible_session_index,63.0,"{""AAXJ"":63,""ACWI"":63,""ACWV"":63,""ACWX"":63,""AGG"":63,""AIA"":238,""AIQ"":63,""AIRR"":63,""AKRE"":63,""AMLP"":63,""ANGL"":63,""AOA"":85,""AOR"":63,""ARKK"":239,""ARTY"":63,""AVDE"":63,""AVDV"":63,""AVEM"":63,""AVLV"":63,""AVSC"":63,""AVUS"":63,""AVUV"":63,""BAI"":63,""BBAX"":63,""BBCA"":63,""BBEU"":63,""BBIN"":63,""BBJP"":63,""BBUS"":63,""BIL"":63,""BILS"":63,""BINC"":63,""BIV"":63,""BKLC"":63,""BKLN"":63,""BLCR"":63,""BLV"":63,""BND"":63,""BNDX"":63,""BOND"":267,""BOTZ"":63,""BOXX"":63,""BSCQ"":63,""BSCR"":63,""BSCS"":63,""BSV"":63,""BTC"":63,""CALF"":63,""CGBL"":63,""CGCB"":63,""CGCP"":63,""CGGO"":63,""CGGR"":63,""CGHM"":63,""CGMM"":63,""CGMS"":63,""CGMU"":63,""CGUS"":63,""CGXU"":63,""CIBR"":63,""CMF"":63,""COPX"":63,""CORO"":63,""COWZ"":123,""CQQQ"":63,""CWB"":63,""DBEF"":63,""DBMF"":63,""DCOR"":63,""DFAC"":63,""DFAE"":63,""DFAI"":63,""DFAS"":63,""DFAT"":63,""DFAU"":63,""DFAX"":63,""DFCF"":272,""DFEM"":63,""DFGR"":63,""DFIC"":63,""DFIS"":63,""DFIV"":63,""DFLV"":63,""DFSV"":63,""DFUS"":63,""DFUV"":63,""DIA"":63,""DIHP"":63,""DISV"":63,""DRAM"":63,""DSI"":63,""DUHP"":63,""DXJ"":63,""DYNF"":63,""EAGG"":63,""EAGL"":63,""EDV"":63,""EEM"":63,""EEMV"":63,""EFA"":63,""EFAV"":63,""EFG"":63,""EFV"":63,""EMB"":63,""EMLC"":190,""EMLP"":63,""EMXC"":63,""ESGD"":63,""ESGE"":63,""ESGU"":63,""ESGV"":63,""ETHA"":63,""EUFN"":63,""EVTR"":63,""EWC"":71,""EWJ"":63,""EWT"":63,""EWU"":63,""EWY"":63,""EWZ"":63,""EZU"":63,""FBCG"":63,""FBND"":63,""FBTC"":63,""FDL"":318,""FDN"":63,""FELC"":63,""FELG"":63,""FELV"":63,""FENI"":63,""FESM"":63,""FEZ"":63,""FHLC"":123,""FIMU"":63,""FIXD"":162,""FLCB"":63,""FLJP"":63,""FLOT"":63,""FLXR"":63,""FMDE"":63,""FNDA"":63,""FNDE"":63,""FNDF"":63,""FNDX"":63,""FPE"":63,""FRDM"":63,""FREI"":63,""FSEC"":63,""FTCS"":407,""FTEC"":63,""FV"":1398,""FWD"":269,""FXI"":63,""GBIL"":63,""GBTC"":63,""GDX"":63,""GDXJ"":63,""GLD"":63,""GLDM"":63,""GNR"":63,""GOVT"":63,""GRID"":63,""GRNY"":63,""GSIE"":63,""GSLC"":63,""GSUS"":115,""GUNR"":63,""GVI"":63,""HEFA"":63,""HELO"":63,""HGER"":63,""HYD"":63,""HYG"":63,""HYLB"":120,""HYMB"":63,""IAGG"":63,""IALT"":63,""IAU"":63,""IAUM"":63,""IBB"":63,""IBDR"":63,""IBDS"":63,""IBDT"":63,""IBDU"":63,""IBDV"":63,""IBIT"":63,""ICVT"":63,""IDEF"":63,""IDEV"":63,""IDMO"":63,""IEF"":73,""IEFA"":63,""IEI"":63,""IEMG"":63,""IEUR"":63,""IFRA"":63,""IGF"":63,""IGIB"":63,""IGM"":63,""IGSB"":63,""IGV"":63,""IJH"":118,""IJJ"":63,""IJK"":63,""IJR"":63,""IJS"":63,""IJT"":63,""ILCG"":255,""ILF"":63,""IMCG"":63,""IMTM"":63,""INDA"":63,""INTF"":63,""IOO"":63,""IQLT"":63,""IQMM"":63,""ISTB"":63,""ITA"":63,""ITOT"":63,""IUSB"":63,""IUSG"":63,""IUSV"":63,""IVE"":63,""IVLU"":63,""IVOO"":63,""IVV"":63,""IVW"":63,""IWB"":63,""IWD"":63,""IWF"":492,""IWM"":63,""IWN"":63,""IWO"":63,""IWP"":63,""IWR"":63,""IWS"":63,""IWV"":63,""IWX"":63,""IWY"":484,""IXJ"":63,""IXN"":63,""IXUS"":63,""IYF"":63,""IYH"":379,""IYR"":305,""IYW"":63,""JAAA"":63,""JAVA"":63,""JBND"":63,""JCPB"":63,""JGLO"":63,""JGRO"":63,""JHMM"":63,""JIRE"":63,""JIVE"":63,""JMBS"":63,""JMTG"":16,""JMUB"":63,""JNK"":63,""JPIE"":63,""JPLD"":63,""JQUA"":63,""JTEK"":79,""KBWB"":63,""KRE"":63,""KWEB"":63,""LMBS"":63,""LQD"":63,""LRGF"":144,""MAGS"":63,""MBB"":63,""MCHI"":63,""MDY"":63,""MGC"":63,""MGK"":485,""MGV"":63,""MLPX"":131,""MOAT"":63,""MSLC"":63,""MTUM"":63,""MUB"":63,""MUNI"":63,""NEAR"":63,""NLR"":63,""OEF"":63,""OMFL"":63,""ONEQ"":63,""PAAA"":63,""PAVE"":63,""PBUS"":63,""PDBC"":63,""PFF"":63,""PGX"":63,""PPA"":63,""PRF"":63,""PSI"":63,""PTLC"":63,""PVAL"":63,""PYLD"":63,""PZA"":63,""QLTY"":63,""QQQ"":491,""QQQI"":63,""QQQM"":491,""QTEC"":63,""QTUM"":63,""QUAL"":63,""RECS"":63,""REET"":63,""RSP"":63,""RSPT"":63,""RWL"":63,""SCHA"":63,""SCHB"":63,""SCHC"":63,""SCHE"":63,""SCHF"":63,""SCHG"":492,""SCHH"":91,""SCHI"":63,""SCHK"":63,""SCHM"":63,""SCHO"":63,""SCHP"":63,""SCHR"":63,""SCHV"":63,""SCHX"":63,""SCHZ"":63,""SCMB"":63,""SCZ"":63,""SGOL"":63,""SGOV"":63,""SHLD"":63,""SHM"":63,""SHV"":63,""SHY"":63,""SHYG"":63,""SIL"":63,""SILJ"":63,""SIVR"":63,""SJNK"":63,""SLV"":63,""SLYG"":63,""SLYV"":63,""SMBS"":63,""SMH"":63,""SMLF"":199,""SMMD"":63,""SOXX"":63,""SPAB"":63,""SPDW"":63,""SPEM"":63,""SPHQ"":63,""SPHY"":63,""SPIB"":63,""SPMB"":63,""SPMD"":63,""SPMO"":63,""SPSB"":63,""SPSM"":63,""SPTI"":63,""SPTL"":63,""SPTM"":63,""SPTS"":63,""SPY"":63,""SPYG"":63,""SPYI"":63,""SPYM"":63,""SPYV"":63,""SRLN"":63,""STIP"":63,""SUB"":63,""SUSA"":63,""TBIL"":63,""TCAF"":63,""TFI"":63,""TFLO"":63,""THRO"":63,""TIP"":63,""TLH"":151,""TLT"":63,""TOTL"":63,""TSPA"":63,""UCON"":63,""URA"":63,""URTH"":63,""USCA"":16,""USFR"":63,""USHY"":63,""USIG"":272,""USMC"":63,""USMV"":63,""USRT"":75,""VAW"":63,""VB"":63,""VBIL"":63,""VBK"":63,""VBR"":63,""VCIT"":63,""VCLT"":63,""VCR"":63,""VCRB"":63,""VCSH"":63,""VDC"":63,""VDE"":63,""VEA"":63,""VEU"":63,""VFH"":63,""VFLO"":63,""VGIT"":63,""VGK"":63,""VGLT"":63,""VGSH"":63,""VGT"":63,""VHT"":63,""VIG"":63,""VIOO"":63,""VIS"":63,""VLUE"":63,""VMBS"":63,""VNLA"":63,""VNQ"":93,""VNQI"":231,""VO"":63,""VOE"":63,""VONE"":63,""VONG"":493,""VONV"":63,""VOO"":63,""VOOG"":63,""VOOV"":63,""VOT"":63,""VOX"":67,""VPL"":63,""VPU"":63,""VSGX"":63,""VSS"":63,""VT"":63,""VTEB"":63,""VTHR"":63,""VTI"":63,""VTIP"":63,""VTV"":63,""VTWO"":63,""VUG"":63,""VV"":63,""VWO"":63,""VWOB"":63,""VXF"":63,""VXUS"":63,""XAR"":63,""XBI"":63,""XLB"":63,""XLC"":63,""XLE"":63,""XLF"":63,""XLG"":63,""XLI"":63,""XLK"":63,""XLP"":158,""XLRE"":63,""XLU"":63,""XLV"":1675,""XLY"":350,""XME"":177,""XMHQ"":63,""XMMO"":63,""XSD"":63,""XSMO"":63,""XT"":63}"
signal_surge_v0,2016-08-01,2026-07-30,2513,9.99315537303217,0.05413112568307854,0.14919886159237805,0.3628119216550636,-0.25821457275562454,-0.3371726930381139,0.7658229094087284,-0.21090126708354223,-0.20551174318133628,1.0262248950778956,0.2096362149719121,0.4424998366505103,0.47375433301568504,1073,708,30.708343506499798,382.02918413850796,legacy_baseline,,,45159,11030,4541,,,,,,
trend_filter_only,2016-08-01,2026-07-30,2513,9.99315537303217,0.02203583393805908,0.14919886159237805,0.1476943838771542,-0.3217329181633021,-0.3371726930381139,0.9542081099875234,-0.29878854460576737,-0.20551174318133628,1.4538757736200356,0.06849107658568634,0.4424998366505103,0.1547821511169983,1633,708,32.68890883816996,330.0982640320367,trend_filter_only,,,535292,8794,5879,,,,,,
