signal_key,signal_count,mean_forward_return_1d,median_forward_return_1d,positive_forward_return_rate_1d,mean_forward_return_3d,median_forward_return_3d,positive_forward_return_rate_3d,mean_forward_return_5d,median_forward_return_5d,positive_forward_return_rate_5d,mean_forward_return_10d,median_forward_return_10d,positive_forward_return_rate_10d,mean_forward_return_20d,median_forward_return_20d,positive_forward_return_rate_20d,mean_mfe_20d,median_mfe_20d,mean_mae_20d,median_mae_20d
prior_price_high_l20,77711,0.00010949565731063353,0.00010920142032544433,0.5182133062075892,0.0006817477718903406,0.0005951670156181255,0.585973142253267,0.0009353244303994035,0.000988472249785488,0.5994378618119931,0.002512735325221955,0.002168550041094286,0.6379848762484838,0.006080693007355716,0.004716888914436224,0.664079908794113,0.027152913038809613,0.0183079809511022,-0.025487610934986256,-0.013518019069153397
score_breakout_l10,88258,0.00021309249536564652,0.00020208259561838027,0.5213693628312563,0.0012666131534707858,0.0008946350806421366,0.573144996596324,0.0013806689983594726,0.001206158938001689,0.5722263208671472,0.0021436107346013084,0.0028544973982798094,0.6106032906764168,0.005966170693717581,0.006459540876618042,0.6436023912895233,0.02996971286365318,0.021253112398370133,-0.028262310601563603,-0.015077063395891432
score_breakout_l10__random_10427,47799,0.00025032918843062373,0.0003454395457571646,0.5378638743455497,0.0009218772045044817,0.0008908476884068595,0.5715334437988967,0.0017666465125964368,0.0014741037111702937,0.590154983409635,0.003684874581662578,0.00309923578660265,0.6158157567584652,0.007228495442408402,0.006366326308335779,0.6469725940089229,0.030587642395242764,0.02168871219083668,-0.028212661160733378,-0.015691754424771276
score_breakout_l10__random_1729,47799,0.00023979524945275937,0.0003429862348585111,0.5385646093292019,0.000914201746937504,0.0008153132833526033,0.5673941757343229,0.0017791292759774622,0.0014351451903238388,0.5881574803149606,0.0037806773735245274,0.0030795998794783674,0.6179214488785932,0.00773423504540028,0.006602210527835162,0.6513514087347927,0.030893847689350048,0.02165595754927685,-0.028000850063641856,-0.015700862492501244
score_breakout_l10__random_3253,47799,0.0004231850013721904,0.00036539311300287647,0.5403995978889168,0.0011878949707669001,0.0009466191852645078,0.5750036709949445,0.0019276721432691906,0.001550657280727119,0.5925256811545491,0.0038658109970565757,0.003268852892951646,0.6187073109031116,0.007655685233954234,0.006595814419539381,0.6497152329139748,0.030832681809103462,0.021835336810927197,-0.027771313687838615,-0.015628764067592782
score_breakout_l10__random_5003,47799,0.000227661025896692,0.00036581912650657245,0.5417774521092851,0.0010156772457344946,0.0008763236456279522,0.5718119679624272,0.001762236009304248,0.0014492902266434182,0.587591853873609,0.0035945399303513536,0.003108635552480421,0.618127817331592,0.0075009063811224954,0.0065299882753269145,0.6511933807149677,0.030552622437181473,0.021676337903214105,-0.027983269144537016,-0.01566302235047301
score_breakout_l10__random_7919,47799,0.0002292429964364908,0.00031533964984276075,0.5359948055212282,0.0010131149793322187,0.0008670032723923082,0.5698167023195336,0.0017589439344393354,0.001480842387159842,0.5895863951291203,0.003571449401275455,0.0029971600487163075,0.6155839231547017,0.007328791311792303,0.0065220377785732975,0.6500053084191528,0.030495563767430307,0.021515754429240364,-0.028069942608620047,-0.015620886730203232
score_breakout_l10__shift_63,47799,0.0006972370398178227,0.0004501380777542918,0.5548229088168802,0.0015048052630100678,0.00101704811936143,0.5812126924285266,0.0024267274828363296,0.0017976622447901658,0.6042326488663297,0.003933252064571857,0.003242165411530884,0.62143760539629,0.007717565110159345,0.006815654511747704,0.6543067563240474,0.03138777987784393,0.022359837887539924,-0.02817160395078054,-0.015189677754062936
score_breakout_l20,61694,0.00026344275459365375,0.0002187014132504217,0.525385812475684,0.0012686389904328977,0.0008611320157613234,0.5728393059834603,0.0012015371104221657,0.0011177824808958903,0.5683775237168572,0.0028315216957100113,0.003049161587851179,0.6198981247161118,0.00742662031285425,0.006747662495405815,0.6495372625426206,0.03052187894980862,0.02185394745781677,-0.02716422995467711,-0.014962614206620983
score_breakout_l20__random_10427,33365,0.00023027659876582904,0.00034400475635065764,0.5389485686851108,0.0008987228178391918,0.0008740442372576762,0.5723088947004539,0.0017147316443776766,0.001433170697104691,0.5908133164770333,0.0035869290714490164,0.0030753797743927613,0.6184393307966419,0.00703599209415026,0.0062375741983795585,0.6464212865710719,0.030572147282128963,0.021831560889334245,-0.028396053537902772,-0.015622563330463024
score_breakout_l20__random_1729,33365,0.00029363599134325026,0.0003278095708110218,0.5387707352191259,0.00099229904298949,0.0008055502953077109,0.5687770302739068,0.001924856824923432,0.0014251736320356478,0.5893780825213522,0.0038202065547248616,0.0029682371045254285,0.6173383204633205,0.00779717445404926,0.006586831928230064,0.6529091517381915,0.031003410049565545,0.021740751298545247,-0.027949049129704452,-0.01577004686640837
score_breakout_l20__random_3253,33365,0.00041904611418639836,0.00036594341644713424,0.542205551387847,0.001230725911176186,0.0009174732833113763,0.5761947700631199,0.0019340016886823046,0.0015319626252421337,0.5936305349026219,0.0038972527267322823,0.003219266337567417,0.6190346661830931,0.007874203818476979,0.006595258303923712,0.650802839645349,0.0308934323514742,0.02192979938200401,-0.027699096151201145,-0.01554986153379323
score_breakout_l20__random_5003,33365,0.00024814343439821546,0.00035077841601793835,0.5414904783325836,0.0011024381000996801,0.0008598621700390829,0.5727671331611508,0.0018196992430361924,0.0014283138374777682,0.5902023877544883,0.003661492944333759,0.0031007870088020084,0.6198678693173248,0.007523187792651447,0.006533315072929313,0.6527195381343057,0.030623688454174278,0.02169133854096894,-0.028073191569661128,-0.015624066714745144
score_breakout_l20__random_7919,33365,0.00022722180000559063,0.0003124671790296629,0.5378128563711662,0.0011177068199467624,0.0008827625981129295,0.5728881810259339,0.0017312318261099753,0.001405715458057566,0.5890192539109507,0.0036747728356779676,0.0029859475756937037,0.61692878920518,0.007414917770219713,0.006403482713198239,0.6492712168700362,0.030638883140164924,0.021498830795676382,-0.028034783661049563,-0.01562506986191653
score_breakout_l20__shift_63,33365,0.0006146053044557645,0.00043736737366395495,0.5556921416364345,0.0014191398680165814,0.0010070016148733263,0.5846956834748178,0.0024025852954974634,0.0018057804817128709,0.6082839880970272,0.0036744536639212837,0.0031728097251859655,0.6238915287067582,0.007023618985903426,0.006873332551956324,0.6575430441297899,0.03153690729381552,0.02253871394579887,-0.02895868926051448,-0.015263776077597768
score_breakout_l40,42548,0.00013609962858745825,0.00020104298678280674,0.5242572395637458,0.0008280091723924225,0.0007745610195113439,0.5699303987960873,0.00046068237002636384,0.0009537876863507933,0.5607524985302763,0.001715444209076039,0.0024509638291457803,0.6081087437091388,0.007344094987904415,0.0068921539099413565,0.656374291026335,0.030055688285030187,0.021394541043495696,-0.027389181619840074,-0.015531852992538564
score_breakout_l40__random_10427,23315,0.0001895486258526979,0.00031933813884821305,0.540839989693378,0.0008281032624464702,0.0008006145823435951,0.5737084354970534,0.0016327500274259904,0.0013300234775932562,0.5913260691674921,0.0034678651347935957,0.002955212482358416,0.6230436662343277,0.006789503722621023,0.0059092903233701755,0.649307068770156,0.03025657136583514,0.021503911633021566,-0.02815818516734466,-0.015161716847988782
score_breakout_l40__random_1729,23315,0.00022230232156093035,0.00027190418221612056,0.5360439654802284,0.0009155585456604799,0.0007791696777397217,0.5699118848055018,0.0018318516170406933,0.0013318184328630078,0.590265524809571,0.003551646251883296,0.002775112720151407,0.6185727237404481,0.0073920111738454515,0.0062757885488805565,0.653759136790811,0.03063466620631258,0.021210907168250914,-0.02797398820201792,-0.01552132783866278
score_breakout_l40__random_3253,23315,0.00041334520916933964,0.00035817459988862765,0.5445293713500515,0.0011690149728760643,0.0008560271101526462,0.5768668272539573,0.001926399109270522,0.0014809009512973814,0.5987420299844908,0.003933866420702821,0.0031270087208563613,0.6224653032988888,0.007845524172639623,0.006351771950686258,0.6536249564308121,0.030781816324186743,0.021662546926248805,-0.027411601227480657,-0.015120684297618203
score_breakout_l40__random_5003,23315,0.0002678292321040482,0.00033080655628747735,0.5432972880192242,0.0010613653345664068,0.0007981440043692833,0.5739022084729741,0.0017282722601720635,0.0012970770797655629,0.5905864131136256,0.0037395036965286914,0.002917962561275189,0.6230633118984938,0.007627887238908153,0.006227369288823059,0.6555246457445884,0.03045649773648389,0.021340332306901022,-0.02772823005829401,-0.015157323252314947
score_breakout_l40__random_7919,23315,0.00024139442251849954,0.00029668787280456854,0.5381939971660441,0.001180905446368295,0.0008177158305613386,0.5742293305817103,0.0017357733661111992,0.0012957958437878059,0.5908053893504369,0.003766520654956163,0.00279418610932336,0.6184983583894937,0.0075196605608986375,0.006233120371240575,0.6520299703781146,0.030445638268678542,0.021231223669510246,-0.02761214598032851,-0.015187609934962598
score_breakout_l40__shift_63,23315,0.0006246295903111016,0.0004127215432325748,0.555660417828493,0.001405773033568397,0.0010630994013184347,0.5956917267421902,0.002143146454572117,0.001847331647942152,0.6156028368794326,0.0028758006123244337,0.002761859819864876,0.6194412157217272,0.00480361738403412,0.0058869689453228125,0.6477938641847639,0.031111323866684203,0.021885398712489623,-0.03066515417985726,-0.015697944893543703
signal_surge_v0,45159,0.0003162815093817616,0.0004894019990664411,0.5320147947996722,0.000958869594990141,0.0014800200882273407,0.564189488611185,0.0008569606377906769,0.0016165526740873348,0.5531599007268215,0.002503659975217767,0.004283873821775308,0.6023533061513916,0.006332488999422472,0.008982819063723557,0.6373920014251359,0.03129872061631865,0.024378940443116726,-0.02974311902220794,-0.01817755540944932
trend_filter_only,535292,0.00039227658077484634,0.00037009122144870954,0.5405926823249658,0.0011617814238946119,0.0009550234669657431,0.5738698904521936,0.0019656924826088715,0.0015499142673528477,0.5901722315115433,0.003838022264411275,0.0031832102389138806,0.6181968341880599,0.007663225677452579,0.006681987832070413,0.6518550818056004,0.03055536138314916,0.021686047972138245,-0.027502805559232513,-0.015263103324559657
