strategy_key,threshold_percent,episode_count,mean_crash_loss_capture,median_crash_loss_capture,worst_crash_loss_capture,mean_relative_crash_protection,worst_relative_crash_protection,mean_strategy_crash_maximum_drawdown,worst_strategy_crash_maximum_drawdown,mean_exposure_at_onset,mean_exposure_after_10d,mean_10d_exposure_reduction,mean_days_to_exposure_below_50pct,proportion_positive_strategy_return,proportion_loss_less_than_half_spy,proportion_recovered_before_spy
score_bo_l10_rm002_erp005__first_signal__low10,10,5,0.224481471012,0.105389582118,0.808671311967,0.105026296761,0.0324036713423,-0.077188400492,-0.184973748343,0.832394442407,0.950704188944,-0.118309746537,42,0.6,0.8,0.4
score_bo_l10_rm002_erp010__first_signal__low10,10,5,0.206200320419,0.102894948545,0.70244393742,0.108227140109,0.0364650951547,-0.0737870301876,-0.167083267494,0.834346434457,0.951217010899,-0.116870576442,38.3333333333,0.6,0.8,0.4
score_bo_l10_rm002_erp015__first_signal__low10,10,5,0.19754486695,0.0992470276806,0.670774612351,0.109705503796,0.0364650951547,-0.0739269625536,-0.168550229455,0.860878683713,0.950729138461,-0.0898504547479,38.3333333333,0.6,0.8,0.4
score_bo_l10_rp000_erp005__first_signal__low10,10,5,0.224481471012,0.105389582118,0.808671311967,0.105026296761,0.0324036713423,-0.077188400492,-0.184973748343,0.832394442407,0.950704188944,-0.118309746537,42,0.6,0.8,0.4
score_bo_l10_rp000_erp010__first_signal__low10,10,5,0.206200320419,0.102894948545,0.70244393742,0.108227140109,0.0364650951547,-0.0737870301876,-0.167083267494,0.834346434457,0.951217010899,-0.116870576442,38.3333333333,0.6,0.8,0.4
score_bo_l10_rp000_erp015__first_signal__low10,10,5,0.19754486695,0.0992470276806,0.670774612351,0.109705503796,0.0364650951547,-0.0739269625536,-0.168550229455,0.860878683713,0.950729138461,-0.0898504547479,38.3333333333,0.6,0.8,0.4
score_bo_l20_rm002_erp005__first_signal__low10,10,5,0.251800914496,0.0997716139092,0.907862133454,0.100988487381,0.0156045869358,-0.0811957408442,-0.201809298622,0.875062408164,0.954861959039,-0.0797995508754,38.3333333333,0.6,0.8,0.6
score_bo_l20_rm002_erp010__first_signal__low10,10,5,0.229578384653,0.0997716139092,0.766928038477,0.104947211142,0.0364714848666,-0.0774853672463,-0.178863303465,0.883446700135,0.954425719786,-0.0709790196514,38.3333333333,0.6,0.8,0.6
score_bo_l20_rm002_erp015__first_signal__low10,10,5,0.221052853019,0.0997716139092,0.717271317084,0.106513897022,0.0364714848666,-0.0771993662055,-0.176786502873,0.893193335711,0.953968334427,-0.060774998716,38.3333333333,0.6,0.8,0.6
score_bo_l20_rp000_erp005__first_signal__low10,10,5,0.251800914496,0.0997716139092,0.907862133454,0.100988487381,0.0156045869358,-0.0811957408442,-0.201809298622,0.875062408164,0.954861959039,-0.0797995508754,38.3333333333,0.6,0.8,0.6
score_bo_l20_rp000_erp010__first_signal__low10,10,5,0.229578384653,0.0997716139092,0.766928038477,0.104947211142,0.0364714848666,-0.0774853672463,-0.178863303465,0.883446700135,0.954425719786,-0.0709790196514,38.3333333333,0.6,0.8,0.6
score_bo_l20_rp000_erp015__first_signal__low10,10,5,0.221052853019,0.0997716139092,0.717271317084,0.106513897022,0.0364714848666,-0.0771993662055,-0.176786502873,0.893193335711,0.953968334427,-0.060774998716,38.3333333333,0.6,0.8,0.6
score_bo_l20_rp002_erp005__first_signal__low10,10,5,0.479127477158,0.131037462037,1.73761858628,0.0654546535374,-0.124924027294,-0.12604843835,-0.351057349051,0.721881301015,0.954568486509,-0.232687185494,26,0.8,0.6,0.4
score_bo_l20_rp002_erp010__first_signal__low10,10,5,0.400999641707,0.131037462037,1.33840233321,0.0783388010186,-0.0573122520176,-0.114035878642,-0.287768380711,0.717293873418,0.754568486509,-0.0372746130908,26,0.6,0.6,0.2
score_bo_l20_rp002_erp015__first_signal__low10,10,5,0.395404228025,0.131037462037,1.31209927878,0.0793845937522,-0.0528575330744,-0.118897638746,-0.312025806677,0.728216944437,0.754067122781,-0.0258501783439,26,0.6,0.6,0.2
score_bo_l40_rm002_erp005__signal_3d_confirm__low20,10,5,0.37864402659,0.301866125243,0.816262938755,0.0954502208787,0.0136134061384,-0.0944971152762,-0.246696258338,0.958194961449,0.895295901808,0.0628990596409,58.3333333333,0.6,0.6,0.4
score_bo_l40_rm002_erp005__signal_3d_confirm__low20_minus_0_5atr,10,5,0.443090943893,0.371628136174,1.03608709727,0.0872127265773,-0.0061117569539,-0.0982258888187,-0.25681596202,0.954452780543,0.924762326005,0.0296904545382,99,0.6,0.6,0.4
score_bo_l40_rm002_erp005__signal_3d_confirm__ma50,10,5,0.276387329334,0.244613479544,0.628784725198,0.106358700124,0.0226670380062,-0.0873259362843,-0.236313427811,0.925524269526,0.910258508406,0.0152657611198,42,0.6,0.8,0.6
score_bo_l40_rm002_erp010__signal_3d_confirm__low20,10,5,0.401771391263,0.297599495886,0.936166391477,0.0913109022694,0.0108109415919,-0.0987785343919,-0.266715933077,0.958194961449,0.895237744472,0.062957216977,47.3333333333,0.6,0.6,0.4
score_bo_l40_rm002_erp010__signal_3d_confirm__low20_minus_0_5atr,10,5,0.461294717611,0.368768795803,1.12996530623,0.0839222302352,-0.0220110905075,-0.102226003671,-0.275692927523,0.954452780543,0.924762326005,0.0296904545382,99,0.6,0.6,0.4
score_bo_l40_rm002_erp010__signal_3d_confirm__ma50,10,5,0.286602016379,0.24757696618,0.67689467379,0.104499966805,0.0226670380062,-0.0898049216047,-0.244131696232,0.925524269526,0.910258508406,0.0152657611198,42,0.6,0.8,0.4
score_bo_l40_rm002_erp015__signal_3d_confirm__low20,10,5,0.342734048868,0.289709140288,0.6488700351,0.101214230162,0.0136134061384,-0.0923180295059,-0.229069476071,0.958194961449,0.895177960867,0.0630170005818,29.6666666667,0.6,0.6,0.4
score_bo_l40_rm002_erp015__signal_3d_confirm__low20_minus_0_5atr,10,5,0.401225373987,0.364121549934,0.834265833978,0.0940395144773,0.0116049676423,-0.0952936859663,-0.235366339665,0.954452780543,0.924762326005,0.0296904545382,99,0.6,0.6,0.4
score_bo_l40_rm002_erp015__signal_3d_confirm__ma50,10,5,0.251578535741,0.244689499194,0.504664737586,0.110396708989,0.0226670380062,-0.086385345805,-0.220543883481,0.925524269526,0.910258508406,0.0152657611198,42,0.6,0.8,0.6
score_bo_l40_rp000_erp005__signal_3d_confirm__low20,10,5,0.37864402659,0.301866125243,0.816262938755,0.0954502208787,0.0136134061384,-0.0944971152762,-0.246696258338,0.958194961449,0.895295901808,0.0628990596409,58.3333333333,0.6,0.6,0.4
score_bo_l40_rp000_erp005__signal_3d_confirm__low20_minus_0_5atr,10,5,0.443090943893,0.371628136174,1.03608709727,0.0872127265773,-0.0061117569539,-0.0982258888187,-0.25681596202,0.954452780543,0.924762326005,0.0296904545382,99,0.6,0.6,0.4
score_bo_l40_rp000_erp005__signal_3d_confirm__ma50,10,5,0.276387329334,0.244613479544,0.628784725198,0.106358700124,0.0226670380062,-0.0873259362843,-0.236313427811,0.925524269526,0.910258508406,0.0152657611198,42,0.6,0.8,0.6
score_bo_l40_rp000_erp010__signal_3d_confirm__low20,10,5,0.401771391263,0.297599495886,0.936166391477,0.0913109022694,0.0108109415919,-0.0987785343919,-0.266715933077,0.958194961449,0.895237744472,0.062957216977,47.3333333333,0.6,0.6,0.4
score_bo_l40_rp000_erp010__signal_3d_confirm__low20_minus_0_5atr,10,5,0.461294717611,0.368768795803,1.12996530623,0.0839222302352,-0.0220110905075,-0.102226003671,-0.275692927523,0.954452780543,0.924762326005,0.0296904545382,99,0.6,0.6,0.4
score_bo_l40_rp000_erp010__signal_3d_confirm__ma50,10,5,0.286602016379,0.24757696618,0.67689467379,0.104499966805,0.0226670380062,-0.0898049216047,-0.244131696232,0.925524269526,0.910258508406,0.0152657611198,42,0.6,0.8,0.4
score_bo_l40_rp000_erp015__signal_3d_confirm__low20,10,5,0.342734048868,0.289709140288,0.6488700351,0.101214230162,0.0136134061384,-0.0923180295059,-0.229069476071,0.958194961449,0.895177960867,0.0630170005818,29.6666666667,0.6,0.6,0.4
score_bo_l40_rp000_erp015__signal_3d_confirm__low20_minus_0_5atr,10,5,0.401225373987,0.364121549934,0.834265833978,0.0940395144773,0.0116049676423,-0.0952936859663,-0.235366339665,0.954452780543,0.924762326005,0.0296904545382,99,0.6,0.6,0.4
score_bo_l40_rp000_erp015__signal_3d_confirm__ma50,10,5,0.251578535741,0.244689499194,0.504664737586,0.110396708989,0.0226670380062,-0.086385345805,-0.220543883481,0.925524269526,0.910258508406,0.0152657611198,42,0.6,0.8,0.6
score_bo_l40_rp002_erp005__signal_3d_confirm__low20,10,5,0.526874975183,0.675661994978,0.963487176539,0.0754031054569,0.00618385848647,-0.148064799916,-0.346880029549,0.88061240249,0.746286710027,0.134325692463,18,0.6,0.4,0.2
score_bo_l40_rp002_erp005__signal_3d_confirm__low20_minus_0_5atr,10,5,0.600135813609,0.721067694598,1.28273429432,0.0669602211892,-0.0478842417434,-0.138206998853,-0.312538507408,0.893120365368,0.982568523103,-0.0894481577352,39.5,0.8,0.4,0.2
score_bo_l40_rp002_erp005__signal_3d_confirm__ma50,10,5,0.39066661858,0.47150752905,0.661895024437,0.0926781670673,0.0198230691712,-0.133807309614,-0.306735256752,0.868724564176,0.945817855104,-0.0770932909283,26.6666666667,0.6,0.6,0.4
score_bo_l40_rp002_erp010__signal_3d_confirm__low20,10,5,0.519113130415,0.661988767243,0.938351180434,0.076552494999,0.00892222410075,-0.147426311271,-0.345134808197,0.88061240249,0.746286710027,0.134325692463,18,0.6,0.4,0.2
score_bo_l40_rp002_erp010__signal_3d_confirm__low20_minus_0_5atr,10,5,0.592569063369,0.709652889816,1.2563153479,0.0681038500019,-0.0434098951844,-0.137882279378,-0.312121673763,0.893120365368,0.982568523103,-0.0894481577352,39.5,0.8,0.4,0.2
score_bo_l40_rp002_erp010__signal_3d_confirm__ma50,10,5,0.391136148128,0.47150752905,0.668226628555,0.0925505225485,0.0198230691712,-0.1340143221,-0.308190682669,0.868724564176,0.945817855104,-0.0770932909283,26.6666666667,0.6,0.6,0.4
score_bo_l40_rp002_erp015__signal_3d_confirm__low20,10,5,0.495064294142,0.661988767243,0.818106999071,0.080625436672,0.00892222410075,-0.143438584902,-0.326048526506,0.88061240249,0.746286710027,0.134325692463,18,0.8,0.4,0.2
score_bo_l40_rp002_erp015__signal_3d_confirm__low20_minus_0_5atr,10,5,0.56017460265,0.709652889816,1.0943430443,0.0735902173064,-0.0159780586619,-0.132920804118,-0.288160839943,0.893120365368,0.982568523103,-0.0894481577352,39.5,0.8,0.4,0.2
score_bo_l40_rp002_erp015__signal_3d_confirm__ma50,10,5,0.387805308404,0.47150752905,0.653497895897,0.0931146378247,0.0198230691712,-0.133679861485,-0.307441421201,0.868724564176,0.945817855104,-0.0770932909283,26.6666666667,0.6,0.6,0.4
score_bo_l10_rm002_erp005__first_signal__low10,15,4,0.323211114667,0.203527212386,0.885790033897,0.0846088126263,0.0143737915258,-0.0737569613223,-0.161438204917,0.934772109124,0.95932741275,-0.0245553036262,63.5,0.75,0.75,0.5
score_bo_l10_rm002_erp010__first_signal__low10,15,4,0.29256762317,0.203697864017,0.762874764647,0.0885893973857,0.0298431810708,-0.0695630794849,-0.14358604077,0.937634075082,0.958327192784,-0.0206931177021,37,1,0.75,0.5
score_bo_l10_rm002_erp015__first_signal__low10,15,4,0.294806150745,0.202110211224,0.775004180531,0.0884213790796,0.0283166444541,-0.0692333989109,-0.142679094068,0.93748117316,0.945138153215,-0.00765698005548,63.5,1,0.75,0.5
score_bo_l10_rp000_erp005__first_signal__low10,15,4,0.323211114667,0.203527212386,0.885790033897,0.0846088126263,0.0143737915258,-0.0737569613223,-0.161438204917,0.934772109124,0.95932741275,-0.0245553036262,63.5,0.75,0.75,0.5
score_bo_l10_rp000_erp010__first_signal__low10,15,4,0.29256762317,0.203697864017,0.762874764647,0.0885893973857,0.0298431810708,-0.0695630794849,-0.14358604077,0.937634075082,0.958327192784,-0.0206931177021,37,1,0.75,0.5
score_bo_l10_rp000_erp015__first_signal__low10,15,4,0.294806150745,0.202110211224,0.775004180531,0.0884213790796,0.0283166444541,-0.0692333989109,-0.142679094068,0.93748117316,0.945138153215,-0.00765698005548,63.5,1,0.75,0.5
score_bo_l20_rm002_erp005__first_signal__low10,15,4,0.340924565096,0.202680487572,0.958337285242,0.0826606843522,0.00524342311598,-0.0742322505895,-0.16311625035,0.938748630635,0.927278256327,0.011470374308,63.5,0.75,0.75,0.75
score_bo_l20_rm002_erp010__first_signal__low10,15,4,0.297602115047,0.211380099057,0.767648262074,0.088334460747,0.0292424168887,-0.0690178392882,-0.14036784867,0.941748138666,0.926219149478,0.0155289891888,37,1,0.75,0.75
score_bo_l20_rm002_erp015__first_signal__low10,15,4,0.294869602691,0.211289149677,0.756900111411,0.0886539506761,0.0305951156258,-0.0684737113219,-0.138552433549,0.941533042868,0.908450648678,0.0330823941896,63.5,1,0.75,0.75
score_bo_l20_rp000_erp005__first_signal__low10,15,4,0.340924565096,0.202680487572,0.958337285242,0.0826606843522,0.00524342311598,-0.0742322505895,-0.16311625035,0.938748630635,0.927278256327,0.011470374308,63.5,0.75,0.75,0.75
score_bo_l20_rp000_erp010__first_signal__low10,15,4,0.297602115047,0.211380099057,0.767648262074,0.088334460747,0.0292424168887,-0.0690178392882,-0.14036784867,0.941748138666,0.926219149478,0.0155289891888,37,1,0.75,0.75
score_bo_l20_rp000_erp015__first_signal__low10,15,4,0.294869602691,0.211289149677,0.756900111411,0.0886539506761,0.0305951156258,-0.0684737113219,-0.138552433549,0.941533042868,0.908450648678,0.0330823941896,63.5,1,0.75,0.75
score_bo_l20_rp002_erp005__first_signal__low10,15,4,0.679353486796,0.342585920488,2.03224210621,0.0433794513741,-0.129911892501,-0.12062219014,-0.32218452627,0.713275569876,0.75,-0.0367244301244,17.6666666667,0.75,0.75,0.5
score_bo_l20_rp002_erp010__first_signal__low10,15,4,0.537700324154,0.342585920488,1.46562945564,0.0612070814687,-0.0586013721224,-0.105893688361,-0.263092679543,0.713275569876,0.75,-0.0367244301244,17.6666666667,1,0.75,0.25
score_bo_l20_rp002_erp015__first_signal__low10,15,4,0.542417327739,0.342585920488,1.48449746998,0.0605812066215,-0.0609759889262,-0.11305588431,-0.287845622976,0.713275569876,0.75,-0.0367244301244,17.6666666667,0.75,0.75,0.25
score_bo_l40_rm002_erp005__signal_3d_confirm__low20,15,4,0.43432595364,0.27073864866,1.19582651724,0.0709763770791,-0.0246455684218,-0.0826686186296,-0.211266967469,0.957662910385,1,-0.0423370896151,52.5,0.75,0.75,0.5
score_bo_l40_rm002_erp005__signal_3d_confirm__low20_minus_0_5atr,15,4,0.498118356602,0.303530930399,1.38541156561,0.0649615141513,-0.0485056224496,-0.0841336456141,-0.211490119314,0.9579940686,1,-0.0420059314,46,0.75,0.75,0.5
score_bo_l40_rm002_erp005__signal_3d_confirm__ma50,15,4,0.405739546915,0.246379537204,1.13019911325,0.0750536635277,-0.0163860911144,-0.0775985281117,-0.204518556749,0.951388150652,1,-0.0486118493476,78,0.75,0.75,0.75
score_bo_l40_rm002_erp010__signal_3d_confirm__low20,15,4,0.483444972283,0.274011998223,1.37156230793,0.0649335614611,-0.0467626367055,-0.0868984421576,-0.227936344915,0.956451803245,1,-0.0435481967546,36,0.75,0.75,0.5
score_bo_l40_rm002_erp010__signal_3d_confirm__low20_minus_0_5atr,15,4,0.540285589525,0.306674960877,1.53020732359,0.0598945169389,-0.0667287610254,-0.0882079657108,-0.227890105472,0.956696379268,1,-0.0433036207317,46,0.75,0.75,0.5
score_bo_l40_rm002_erp010__signal_3d_confirm__ma50,15,4,0.426975220438,0.249590052877,1.2006653369,0.0723187228842,-0.0252545536743,-0.078857543109,-0.209092081071,0.949699251764,1,-0.0503007482358,45,0.75,0.75,0.5
score_bo_l40_rm002_erp015__signal_3d_confirm__low20,15,4,0.404314394056,0.270250388765,1.06256321394,0.0747967079957,-0.00787383645214,-0.0771901786142,-0.186744375386,0.956451803245,1,-0.0435481967546,20,0.75,0.75,0.5
score_bo_l40_rm002_erp015__signal_3d_confirm__low20_minus_0_5atr,15,4,0.453753027824,0.304522065841,1.18838286686,0.0707301869385,-0.0237087545653,-0.0775559456455,-0.183873637539,0.956696379268,1,-0.0433036207317,46,0.75,0.75,0.5
score_bo_l40_rm002_erp015__signal_3d_confirm__ma50,15,4,0.379787458461,0.249590052877,1.01191428899,0.0782574957985,-0.00149946201706,-0.0740129551287,-0.187184289872,0.949699251764,1,-0.0503007482358,78,0.75,0.75,0.75
score_bo_l40_rp000_erp005__signal_3d_confirm__low20,15,4,0.43432595364,0.27073864866,1.19582651724,0.0709763770791,-0.0246455684218,-0.0826686186296,-0.211266967469,0.957662910385,1,-0.0423370896151,52.5,0.75,0.75,0.5
score_bo_l40_rp000_erp005__signal_3d_confirm__low20_minus_0_5atr,15,4,0.498118356602,0.303530930399,1.38541156561,0.0649615141513,-0.0485056224496,-0.0841336456141,-0.211490119314,0.9579940686,1,-0.0420059314,46,0.75,0.75,0.5
score_bo_l40_rp000_erp005__signal_3d_confirm__ma50,15,4,0.405739546915,0.246379537204,1.13019911325,0.0750536635277,-0.0163860911144,-0.0775985281117,-0.204518556749,0.951388150652,1,-0.0486118493476,78,0.75,0.75,0.75
score_bo_l40_rp000_erp010__signal_3d_confirm__low20,15,4,0.483444972283,0.274011998223,1.37156230793,0.0649335614611,-0.0467626367055,-0.0868984421576,-0.227936344915,0.956451803245,1,-0.0435481967546,36,0.75,0.75,0.5
score_bo_l40_rp000_erp010__signal_3d_confirm__low20_minus_0_5atr,15,4,0.540285589525,0.306674960877,1.53020732359,0.0598945169389,-0.0667287610254,-0.0882079657108,-0.227890105472,0.956696379268,1,-0.0433036207317,46,0.75,0.75,0.5
score_bo_l40_rp000_erp010__signal_3d_confirm__ma50,15,4,0.426975220438,0.249590052877,1.2006653369,0.0723187228842,-0.0252545536743,-0.078857543109,-0.209092081071,0.949699251764,1,-0.0503007482358,45,0.75,0.75,0.5
score_bo_l40_rp000_erp015__signal_3d_confirm__low20,15,4,0.404314394056,0.270250388765,1.06256321394,0.0747967079957,-0.00787383645214,-0.0771901786142,-0.186744375386,0.956451803245,1,-0.0435481967546,20,0.75,0.75,0.5
score_bo_l40_rp000_erp015__signal_3d_confirm__low20_minus_0_5atr,15,4,0.453753027824,0.304522065841,1.18838286686,0.0707301869385,-0.0237087545653,-0.0775559456455,-0.183873637539,0.956696379268,1,-0.0433036207317,46,0.75,0.75,0.5
score_bo_l40_rp000_erp015__signal_3d_confirm__ma50,15,4,0.379787458461,0.249590052877,1.01191428899,0.0782574957985,-0.00149946201706,-0.0740129551287,-0.187184289872,0.949699251764,1,-0.0503007482358,78,0.75,0.75,0.75
score_bo_l40_rp002_erp005__signal_3d_confirm__low20,15,4,0.675297285982,0.531647979901,1.57913969613,0.0444894455601,-0.0728871003164,-0.131815135069,-0.326655075122,0.694817028372,0.75,-0.0551829716278,3.5,0.75,0.5,0.25
score_bo_l40_rp002_erp005__signal_3d_confirm__low20_minus_0_5atr,15,4,0.743274590997,0.510433486069,1.87875918431,0.0393300464337,-0.110595438802,-0.125874599631,-0.281419140475,0.675390096681,0.75,-0.0746099033186,0,0.75,0.5,0.25
score_bo_l40_rp002_erp005__signal_3d_confirm__ma50,15,4,0.596260743723,0.496796736545,1.35994920832,0.0551976998111,-0.0453010806052,-0.120315273147,-0.293059621831,0.640871041877,0.75,-0.109128958123,3.5,0.75,0.5,0.5
score_bo_l40_rp002_erp010__signal_3d_confirm__low20,15,4,0.670303092636,0.531647979901,1.55916292274,0.0451179852265,-0.0703729416508,-0.131278958861,-0.324510370291,0.694817028372,0.75,-0.0551829716278,3.5,0.75,0.5,0.25
score_bo_l40_rp002_erp010__signal_3d_confirm__low20_minus_0_5atr,15,4,0.738214870539,0.510249239128,1.85888879636,0.0399621425218,-0.108094669179,-0.125683432785,-0.28065447309,0.675390096681,0.75,-0.0746099033186,0,0.75,0.5,0.25
score_bo_l40_rp002_erp010__signal_3d_confirm__ma50,15,4,0.59914622522,0.496796736545,1.37149113431,0.0548345501588,-0.0467536792145,-0.120136803164,-0.2923457419,0.640871041877,0.75,-0.109128958123,3.5,0.75,0.5,0.5
score_bo_l40_rp002_erp015__signal_3d_confirm__low20,15,4,0.630971550751,0.531647979901,1.4018367552,0.0500680206983,-0.0505727997634,-0.128611157342,-0.303751958397,0.694817028372,0.75,-0.0551829716278,10.6666666667,0.75,0.5,0.25
score_bo_l40_rp002_erp015__signal_3d_confirm__low20_minus_0_5atr,15,4,0.68797580936,0.510249239128,1.65793255164,0.0462849339251,-0.0828035035655,-0.120813267498,-0.25556819352,0.675390096681,0.75,-0.0746099033186,0,1,0.5,0.25
score_bo_l40_rp002_erp015__signal_3d_confirm__ma50,15,4,0.593053493737,0.496796736545,1.34712020838,0.0556013453443,-0.0436864984723,-0.119744632265,-0.291700099914,0.640871041877,0.75,-0.109128958123,3.5,0.75,0.5,0.5
score_bo_l10_rm002_erp005__first_signal__low10,20,2,0.69590730794,0.69590730794,1.27457510466,0.0699508087304,-0.0212931457859,-0.120356724402,-0.150822161524,0.894855986797,1,-0.105144013203,52,1,0.5,0.5
score_bo_l10_rm002_erp010__first_signal__low10,20,2,0.565474483531,0.565474483531,1.01756747381,0.0802684506755,-0.00136234776769,-0.11274498587,-0.134613561074,0.894855986797,1,-0.105144013203,52,1,0.5,0.5
score_bo_l10_rm002_erp015__first_signal__low10,20,2,0.538040751128,0.538040751128,0.968341616807,0.0826922569275,0.00245508990885,-0.111371011942,-0.132044886161,0.894855986797,1,-0.105144013203,52,1,0.5,0.5
score_bo_l10_rp000_erp005__first_signal__low10,20,2,0.69590730794,0.69590730794,1.27457510466,0.0699508087304,-0.0212931457859,-0.120356724402,-0.150822161524,0.894855986797,1,-0.105144013203,52,1,0.5,0.5
score_bo_l10_rp000_erp010__first_signal__low10,20,2,0.565474483531,0.565474483531,1.01756747381,0.0802684506755,-0.00136234776769,-0.11274498587,-0.134613561074,0.894855986797,1,-0.105144013203,52,1,0.5,0.5
score_bo_l10_rp000_erp015__first_signal__low10,20,2,0.538040751128,0.538040751128,0.968341616807,0.0826922569275,0.00245508990885,-0.111371011942,-0.132044886161,0.894855986797,1,-0.105144013203,52,1,0.5,0.5
score_bo_l20_rm002_erp005__first_signal__low10,20,2,0.702324877383,0.702324877383,1.29690986932,0.0699521148269,-0.0230251942924,-0.121484749272,-0.152402946908,0.894855986797,1,-0.105144013203,52,1,0.5,0.5
score_bo_l20_rm002_erp010__first_signal__low10,20,2,0.540800713952,0.540800713952,0.973861542456,0.0824782233542,0.00202702276232,-0.111316039237,-0.131325782249,0.894855986797,1,-0.105144013203,52,1,0.5,0.5
score_bo_l20_rm002_erp015__first_signal__low10,20,2,0.509955330267,0.509955330267,0.912170775084,0.084870265606,0.00681110726592,-0.109366119696,-0.127631995779,0.894855986797,1,-0.105144013203,52,1,0.5,0.5
score_bo_l20_rp000_erp005__first_signal__low10,20,2,0.702324877383,0.702324877383,1.29690986932,0.0699521148269,-0.0230251942924,-0.121484749272,-0.152402946908,0.894855986797,1,-0.105144013203,52,1,0.5,0.5
score_bo_l20_rp000_erp010__first_signal__low10,20,2,0.540800713952,0.540800713952,0.973861542456,0.0824782233542,0.00202702276232,-0.111316039237,-0.131325782249,0.894855986797,1,-0.105144013203,52,1,0.5,0.5
score_bo_l20_rp000_erp015__first_signal__low10,20,2,0.509955330267,0.509955330267,0.912170775084,0.084870265606,0.00681110726592,-0.109366119696,-0.127631995779,0.894855986797,1,-0.105144013203,52,1,0.5,0.5
score_bo_l20_rp002_erp005__first_signal__low10,20,2,1.71863604221,1.71863604221,3.31879848392,-0.00942605533167,-0.179821525434,-0.208305646125,-0.322151770945,0.900207755551,1,-0.0997922444492,18,0.5,0.5,0.5
score_bo_l20_rp002_erp010__first_signal__low10,20,2,1.30347581326,1.30347581326,2.488478026,0.0227693882088,-0.115430638353,-0.178865020231,-0.263092679543,0.900207755551,1,-0.0997922444492,18,1,0.5,0.5
score_bo_l20_rp002_erp015__first_signal__low10,20,2,1.29959845322,1.29959845322,2.48072330594,0.0230700753107,-0.114829264149,-0.190867243985,-0.287296156975,0.900207755551,1,-0.0997922444492,18,0.5,0.5,0.5
score_bo_l40_rm002_erp005__signal_3d_confirm__low20,20,2,0.811437439033,0.811437439033,1.48100515425,0.0596977652408,-0.0373016806675,-0.121383786536,-0.185841604628,0.750209922498,1,-0.249790077502,54,0.5,0.5,0.5
score_bo_l40_rm002_erp005__signal_3d_confirm__low20_minus_0_5atr,20,2,0.968444347636,0.968444347636,1.83911900256,0.0498384011576,-0.0650732092968,-0.118637740473,-0.180349512503,0.700372940898,1,-0.299627059102,22,0.5,0.5,0.5
score_bo_l40_rm002_erp005__signal_3d_confirm__ma50,20,2,0.81389880424,0.81389880424,1.51894485906,0.0612411640151,-0.0402438835545,-0.130702844042,-0.204518556749,0.674792721996,1,-0.325207278004,54,0.5,0.5,0.5
score_bo_l40_rm002_erp010__signal_3d_confirm__low20,20,2,0.942814770309,0.942814770309,1.7437598168,0.0495095266849,-0.0576781577795,-0.134982577667,-0.212585439489,0.750209922498,1,-0.249790077502,21,0.5,0.5,0.5
score_bo_l40_rm002_erp010__signal_3d_confirm__low20_minus_0_5atr,20,2,1.08970923644,1.08970923644,2.08164878018,0.0404343768587,-0.0838812578945,-0.131747831274,-0.206115946702,0.686326041818,1,-0.313673958182,22,0.5,0.5,0.5
score_bo_l40_rm002_erp010__signal_3d_confirm__ma50,20,2,0.848407533307,0.848407533307,1.5879623172,0.058565031378,-0.0455961488286,-0.133216336588,-0.209092081071,0.775646271016,1,-0.224353728984,21,0.5,0.5,0.5
score_bo_l40_rm002_erp015__signal_3d_confirm__low20,20,2,0.752339561992,0.752339561992,1.36280940017,0.0642807725497,-0.0281356660499,-0.121984473087,-0.186744375386,0.750209922498,1,-0.249790077502,54,0.5,0.5,0.5
score_bo_l40_rm002_erp015__signal_3d_confirm__low20_minus_0_5atr,20,2,0.881192676883,0.881192676883,1.66461566105,0.0566047194213,-0.0515405727694,-0.120549104163,-0.183873637539,0.811905815012,1,-0.188094184988,22,0.5,0.5,0.5
score_bo_l40_rm002_erp015__signal_3d_confirm__ma50,20,2,0.751981320864,0.751981320864,1.39510989231,0.066042830218,-0.0306405511486,-0.122184574139,-0.187184289872,0.775646271016,1,-0.224353728984,54,0.5,0.5,0.5
score_bo_l40_rp000_erp005__signal_3d_confirm__low20,20,2,0.811437439033,0.811437439033,1.48100515425,0.0596977652408,-0.0373016806675,-0.121383786536,-0.185841604628,0.750209922498,1,-0.249790077502,54,0.5,0.5,0.5
score_bo_l40_rp000_erp005__signal_3d_confirm__low20_minus_0_5atr,20,2,0.968444347636,0.968444347636,1.83911900256,0.0498384011576,-0.0650732092968,-0.118637740473,-0.180349512503,0.700372940898,1,-0.299627059102,22,0.5,0.5,0.5
score_bo_l40_rp000_erp005__signal_3d_confirm__ma50,20,2,0.81389880424,0.81389880424,1.51894485906,0.0612411640151,-0.0402438835545,-0.130702844042,-0.204518556749,0.674792721996,1,-0.325207278004,54,0.5,0.5,0.5
score_bo_l40_rp000_erp010__signal_3d_confirm__low20,20,2,0.942814770309,0.942814770309,1.7437598168,0.0495095266849,-0.0576781577795,-0.134982577667,-0.212585439489,0.750209922498,1,-0.249790077502,21,0.5,0.5,0.5
score_bo_l40_rp000_erp010__signal_3d_confirm__low20_minus_0_5atr,20,2,1.08970923644,1.08970923644,2.08164878018,0.0404343768587,-0.0838812578945,-0.131747831274,-0.206115946702,0.686326041818,1,-0.313673958182,22,0.5,0.5,0.5
score_bo_l40_rp000_erp010__signal_3d_confirm__ma50,20,2,0.848407533307,0.848407533307,1.5879623172,0.058565031378,-0.0455961488286,-0.133216336588,-0.209092081071,0.775646271016,1,-0.224353728984,21,0.5,0.5,0.5
score_bo_l40_rp000_erp015__signal_3d_confirm__low20,20,2,0.752339561992,0.752339561992,1.36280940017,0.0642807725497,-0.0281356660499,-0.121984473087,-0.186744375386,0.750209922498,1,-0.249790077502,54,0.5,0.5,0.5
score_bo_l40_rp000_erp015__signal_3d_confirm__low20_minus_0_5atr,20,2,0.881192676883,0.881192676883,1.66461566105,0.0566047194213,-0.0515405727694,-0.120549104163,-0.183873637539,0.811905815012,1,-0.188094184988,22,0.5,0.5,0.5
score_bo_l40_rp000_erp015__signal_3d_confirm__ma50,20,2,0.751981320864,0.751981320864,1.39510989231,0.066042830218,-0.0306405511486,-0.122184574139,-0.187184289872,0.775646271016,1,-0.224353728984,54,0.5,0.5,0.5
score_bo_l40_rp002_erp005__signal_3d_confirm__low20,20,2,1.11925746525,1.11925746525,2.03576064592,0.0326284227595,-0.0803226587499,-0.199514441627,-0.312482627228,0.865716775068,1,-0.134283224932,12.5,0.5,0.5,0
score_bo_l40_rp002_erp005__signal_3d_confirm__low20_minus_0_5atr,20,2,1.31443139686,1.31443139686,2.54681132135,0.0238329269536,-0.119954352779,-0.17319699506,-0.25707401911,0.788298566271,1,-0.211701433729,22,1,0.5,0
score_bo_l40_rp002_erp005__signal_3d_confirm__ma50,20,2,0.958580604341,0.958580604341,1.7823879851,0.0486596515781,-0.0606737506247,-0.185413121959,-0.293059621831,0.86454463776,1,-0.13545536224,12.5,0.5,0.5,0.5
score_bo_l40_rp002_erp010__signal_3d_confirm__low20,20,2,1.1134355166,1.1134355166,2.02411674861,0.0330799116211,-0.0794196810267,-0.199499688945,-0.312453121864,0.865716775068,1,-0.134283224932,12.5,0.5,0.5,0
score_bo_l40_rp002_erp010__signal_3d_confirm__low20_minus_0_5atr,20,2,1.30817385272,1.30817385272,2.53429623307,0.0243181960018,-0.118983814683,-0.174017240273,-0.258714509535,0.788298566271,1,-0.211701433729,22,1,0.5,0
score_bo_l40_rp002_erp010__signal_3d_confirm__ma50,20,2,0.956022656326,0.956022656326,1.77727208907,0.0488580190159,-0.0602770157492,-0.185056181994,-0.2923457419,0.86454463776,1,-0.13545536224,12.5,0.5,0.5,0.5
score_bo_l40_rp002_erp015__signal_3d_confirm__low20,20,2,1.02769682916,1.02769682916,1.85263937373,0.0397288988753,-0.0661217065183,-0.195149107212,-0.303751958397,0.865716775068,1,-0.134283224932,12.5,0.5,0.5,0
score_bo_l40_rp002_erp015__signal_3d_confirm__low20_minus_0_5atr,20,2,1.18341794614,1.18341794614,2.28478441992,0.033992946776,-0.0996343131347,-0.172444082265,-0.25556819352,0.956421307758,1,-0.0435786922419,22,1,0.5,0
score_bo_l40_rp002_erp015__signal_3d_confirm__ma50,20,2,0.984656132103,0.984656132103,1.83453904063,0.0466375089852,-0.0647180358105,-0.184733361001,-0.291700099914,0.86454463776,1,-0.13545536224,12.5,0.5,0.5,0.5
