strategy_key,bootstrap_scope,pareto_input,behavior_group_id,behavior_group_representative,behavior_group_member_count,seed,mean_block_length,bootstrap_paths,path_observations,index_matrix_hash,comparison_index_matrix_hash,additional_index_matrix_hash,prob_ending_equity_above_1000,prob_cagr_above_zero,prob_cagr_above_spy,prob_mdd_above_10pct,prob_mdd_above_15pct,prob_mdd_above_20pct,prob_mdd_above_30pct,prob_mdd_above_40pct,prob_ending_equity_below_750,prob_ending_equity_below_500,calmar_5pct,ending_equity_5pct,ending_equity_25pct,ending_equity_50pct,ending_equity_75pct,ending_equity_95pct,cagr_5pct,cagr_25pct,cagr_50pct,cagr_75pct,cagr_95pct,mdd_magnitude_50pct,mdd_magnitude_75pct,mdd_magnitude_90pct,mdd_magnitude_95pct,mdd_magnitude_99pct,cdar_magnitude_50pct,cdar_magnitude_90pct,cdar_magnitude_95pct,cdar_magnitude_99pct,es95_magnitude_50pct,es95_magnitude_90pct,es95_magnitude_95pct,es95_magnitude_99pct,longest_underwater_observations_50pct,longest_underwater_observations_90pct,longest_underwater_observations_95pct,longest_underwater_observations_99pct
score_bo_l10_rm002_erp010__first_signal__low10,block_sensitivity,False,B027,score_bo_l10_rm002_erp010__first_signal__low10,2,20260728,5,5000,2332,c039b388e2e47cfb84e2807f288ea4ff38c4249222953b654d80416fd206b4da,,,0.8034,0.8034,0.0052,0.996,0.8478,0.5586,0.151,0.0296,0.028,0.0006,-0.0696243023954,810.56121611,1052.18971879,1267.58531052,1529.20917589,1966.54722565,-0.022388107763,0.00549957855961,0.0258920251222,0.0468556859802,0.0756311679833,0.211502594879,0.264935589846,0.327496464906,0.370397609504,0.450937677196,0.185824803777,0.30511433933,0.348326457522,0.430508673036,0.0145873699735,0.0156513578894,0.0159628272619,0.0165174647696,979,1989.1,2204.05,2324
score_bo_l10_rm002_erp015__first_signal__low10,block_sensitivity,False,B047,score_bo_l10_rm002_erp015__first_signal__low10,2,20260728,5,5000,2332,c039b388e2e47cfb84e2807f288ea4ff38c4249222953b654d80416fd206b4da,,,0.8128,0.8128,0.0068,0.9956,0.8384,0.5414,0.1394,0.0256,0.0238,0.0004,-0.0671605043662,820.925910187,1058.86800242,1281.51396395,1535.74887757,1970.99424532,-0.0210480624678,0.00618565570574,0.0271014131057,0.0473374091579,0.0758931141842,0.208187984365,0.261870092945,0.321322342175,0.365497101772,0.445960307788,0.1830679116,0.299104081985,0.34271166255,0.427944602883,0.0144588653084,0.0155154285299,0.0158258379383,0.0163721240034,958,1952.2,2167,2322.01
score_bo_l10_rp000_erp010__first_signal__low10,block_sensitivity,False,B027,score_bo_l10_rm002_erp010__first_signal__low10,2,20260728,5,5000,2332,c039b388e2e47cfb84e2807f288ea4ff38c4249222953b654d80416fd206b4da,,,0.8034,0.8034,0.0052,0.996,0.8478,0.5586,0.151,0.0296,0.028,0.0006,-0.0696243023954,810.56121611,1052.18971879,1267.58531052,1529.20917589,1966.54722565,-0.022388107763,0.00549957855961,0.0258920251222,0.0468556859802,0.0756311679833,0.211502594879,0.264935589846,0.327496464906,0.370397609504,0.450937677196,0.185824803777,0.30511433933,0.348326457522,0.430508673036,0.0145873699735,0.0156513578894,0.0159628272619,0.0165174647696,979,1989.1,2204.05,2324
score_bo_l10_rp000_erp015__first_signal__low10,block_sensitivity,False,B047,score_bo_l10_rm002_erp015__first_signal__low10,2,20260728,5,5000,2332,c039b388e2e47cfb84e2807f288ea4ff38c4249222953b654d80416fd206b4da,,,0.8128,0.8128,0.0068,0.9956,0.8384,0.5414,0.1394,0.0256,0.0238,0.0004,-0.0671605043662,820.925910187,1058.86800242,1281.51396395,1535.74887757,1970.99424532,-0.0210480624678,0.00618565570574,0.0271014131057,0.0473374091579,0.0758931141842,0.208187984365,0.261870092945,0.321322342175,0.365497101772,0.445960307788,0.1830679116,0.299104081985,0.34271166255,0.427944602883,0.0144588653084,0.0155154285299,0.0158258379383,0.0163721240034,958,1952.2,2167,2322.01
score_bo_l20_rm002_erp010__first_signal__low10,block_sensitivity,False,B147,score_bo_l20_rm002_erp010__first_signal__low10,2,20260728,5,5000,2332,c039b388e2e47cfb84e2807f288ea4ff38c4249222953b654d80416fd206b4da,,,0.8714,0.8714,0.0102,0.9936,0.8186,0.4994,0.1148,0.019,0.0146,0.0004,-0.0470428127376,873.330490249,1142.34758019,1380.33018865,1663.65817147,2188.51886196,-0.0144954245597,0.0144509558499,0.0353594237157,0.0564093815903,0.0881044112259,0.199925195642,0.249967480704,0.308399704697,0.34786550323,0.434428594046,0.173533861054,0.283992932583,0.32487093971,0.411441914836,0.014702510023,0.0158020901041,0.0161234033861,0.0167046879779,856,1759,2071,2310
score_bo_l20_rm002_erp015__first_signal__low10,block_sensitivity,False,B167,score_bo_l20_rm002_erp015__first_signal__low10,2,20260728,5,5000,2332,c039b388e2e47cfb84e2807f288ea4ff38c4249222953b654d80416fd206b4da,,,0.837,0.837,0.0088,0.9956,0.8446,0.5342,0.137,0.0256,0.0208,0.0006,-0.060335962067,833.850559599,1087.85450102,1319.10276782,1583.36042395,2073.94201657,-0.0193980310924,0.00911947622589,0.0303075306484,0.0507903863472,0.0818147070889,0.206121381494,0.260262269675,0.317706080364,0.359827837025,0.450272404798,0.180181437787,0.294343328104,0.33914248708,0.433846400853,0.0147715276124,0.0158419106193,0.0161601900266,0.0167350218182,917,1893.1,2139.2,2319.01
score_bo_l20_rp000_erp010__first_signal__low10,block_sensitivity,False,B147,score_bo_l20_rm002_erp010__first_signal__low10,2,20260728,5,5000,2332,c039b388e2e47cfb84e2807f288ea4ff38c4249222953b654d80416fd206b4da,,,0.8714,0.8714,0.0102,0.9936,0.8186,0.4994,0.1148,0.019,0.0146,0.0004,-0.0470428127376,873.330490249,1142.34758019,1380.33018865,1663.65817147,2188.51886196,-0.0144954245597,0.0144509558499,0.0353594237157,0.0564093815903,0.0881044112259,0.199925195642,0.249967480704,0.308399704697,0.34786550323,0.434428594046,0.173533861054,0.283992932583,0.32487093971,0.411441914836,0.014702510023,0.0158020901041,0.0161234033861,0.0167046879779,856,1759,2071,2310
score_bo_l20_rp000_erp015__first_signal__low10,block_sensitivity,False,B167,score_bo_l20_rm002_erp015__first_signal__low10,2,20260728,5,5000,2332,c039b388e2e47cfb84e2807f288ea4ff38c4249222953b654d80416fd206b4da,,,0.837,0.837,0.0088,0.9956,0.8446,0.5342,0.137,0.0256,0.0208,0.0006,-0.060335962067,833.850559599,1087.85450102,1319.10276782,1583.36042395,2073.94201657,-0.0193980310924,0.00911947622589,0.0303075306484,0.0507903863472,0.0818147070889,0.206121381494,0.260262269675,0.317706080364,0.359827837025,0.450272404798,0.180181437787,0.294343328104,0.33914248708,0.433846400853,0.0147715276124,0.0158419106193,0.0161601900266,0.0167350218182,917,1893.1,2139.2,2319.01
score_bo_l20_rp002_erp010__first_signal__low10,block_sensitivity,False,B207,score_bo_l20_rp002_erp010__first_signal__low10,1,20260728,5,5000,2332,c039b388e2e47cfb84e2807f288ea4ff38c4249222953b654d80416fd206b4da,,,0.9088,0.9088,0.0442,1,0.9806,0.825,0.3308,0.088,0.021,0.0012,-0.0335165856498,886.24382612,1292.47661994,1681.72457402,2184.43174468,3200.32860324,-0.0129347288401,0.0280450410947,0.05764019495,0.0878851546186,0.133609544029,0.260471540903,0.323454262173,0.390382536922,0.43857399143,0.532604326332,0.225434592457,0.36018742291,0.412352587364,0.506678898034,0.0202193236537,0.0215749512305,0.0219959622031,0.0227529099929,786,1667.2,1986.15,2282.02
score_bo_l40_rm002_erp010__signal_3d_confirm__ma50,block_sensitivity,False,B280,score_bo_l40_rm002_erp010__signal_3d_confirm__ma50,2,20260728,5,5000,2332,c039b388e2e47cfb84e2807f288ea4ff38c4249222953b654d80416fd206b4da,,,0.879,0.879,0.033,0.9988,0.9432,0.7122,0.2438,0.0568,0.0252,0.0006,-0.0504853529037,851.396480888,1204.27916009,1531.99806481,1931.96187488,2740.7164297,-0.0171941652991,0.0202414203099,0.0470613433859,0.07357560915,0.114820122984,0.238284615349,0.298168983572,0.364406570877,0.407499536528,0.493353865369,0.206657362299,0.336907796379,0.382655642136,0.475804758258,0.0189019385122,0.0202758905626,0.0206890724786,0.0214181481103,843,1761,2072.05,2310.02
score_bo_l40_rm002_erp015__signal_3d_confirm__low20,block_sensitivity,False,B298,score_bo_l40_rm002_erp015__signal_3d_confirm__low20,2,20260728,5,5000,2332,c039b388e2e47cfb84e2807f288ea4ff38c4249222953b654d80416fd206b4da,,,0.936,0.936,0.0812,0.9986,0.9338,0.6684,0.1994,0.0392,0.0118,0.0004,-0.0151488652506,955.862293203,1383.04726475,1803.51040252,2384.98667335,3507.4583551,-0.00485473712527,0.035578943514,0.065642110934,0.0982358479788,0.144864239681,0.228977896025,0.284532839648,0.341311273456,0.382745287062,0.468457403792,0.196076266173,0.313283491162,0.35667760701,0.445585121501,0.0188553487116,0.0202731854377,0.020691618838,0.0214763582611,737,1558.1,1855.2,2257.02
score_bo_l40_rm002_erp015__signal_3d_confirm__low20_minus_0_5atr,block_sensitivity,False,B299,score_bo_l40_rm002_erp015__signal_3d_confirm__low20_minus_0_5atr,2,20260728,5,5000,2332,c039b388e2e47cfb84e2807f288ea4ff38c4249222953b654d80416fd206b4da,,,0.9486,0.9486,0.0886,0.9994,0.9314,0.6584,0.187,0.034,0.0088,0.0004,-0.00110885554168,996.766218541,1451.22613764,1893.32014523,2486.174425,3722.17469037,-0.000349128235932,0.0409651001384,0.0712397614451,0.103166489036,0.152221185433,0.225731643341,0.281144788839,0.33855423594,0.377089503484,0.463899922873,0.193160902837,0.307947329388,0.351411943182,0.443484638723,0.0188382268859,0.0202122684556,0.0206138448319,0.0214377078126,696,1450.4,1751.1,2230.02
score_bo_l40_rm002_erp015__signal_3d_confirm__ma50,block_sensitivity,False,B300,score_bo_l40_rm002_erp015__signal_3d_confirm__ma50,2,20260728,5,5000,2332,c039b388e2e47cfb84e2807f288ea4ff38c4249222953b654d80416fd206b4da,,,0.9278,0.9278,0.075,0.9994,0.9378,0.684,0.2054,0.0432,0.0126,0.0004,-0.0241343115541,926.630680347,1360.72790008,1771.65961854,2322.30001581,3465.02374404,-0.00818126467217,0.0337641725479,0.0635970522462,0.0950867981338,0.143362882564,0.231353267005,0.287858305405,0.348437967345,0.389896996587,0.482283302779,0.199114050232,0.318664940769,0.363813644444,0.458961152593,0.0192421077178,0.0207190348049,0.0211625525625,0.0219746644926,760,1585.1,1895,2276
score_bo_l40_rp000_erp010__signal_3d_confirm__ma50,block_sensitivity,False,B280,score_bo_l40_rm002_erp010__signal_3d_confirm__ma50,2,20260728,5,5000,2332,c039b388e2e47cfb84e2807f288ea4ff38c4249222953b654d80416fd206b4da,,,0.879,0.879,0.033,0.9988,0.9432,0.7122,0.2438,0.0568,0.0252,0.0006,-0.0504853529037,851.396480888,1204.27916009,1531.99806481,1931.96187488,2740.7164297,-0.0171941652991,0.0202414203099,0.0470613433859,0.07357560915,0.114820122984,0.238284615349,0.298168983572,0.364406570877,0.407499536528,0.493353865369,0.206657362299,0.336907796379,0.382655642136,0.475804758258,0.0189019385122,0.0202758905626,0.0206890724786,0.0214181481103,843,1761,2072.05,2310.02
score_bo_l40_rp000_erp015__signal_3d_confirm__low20,block_sensitivity,False,B298,score_bo_l40_rm002_erp015__signal_3d_confirm__low20,2,20260728,5,5000,2332,c039b388e2e47cfb84e2807f288ea4ff38c4249222953b654d80416fd206b4da,,,0.936,0.936,0.0812,0.9986,0.9338,0.6684,0.1994,0.0392,0.0118,0.0004,-0.0151488652506,955.862293203,1383.04726475,1803.51040252,2384.98667335,3507.4583551,-0.00485473712527,0.035578943514,0.065642110934,0.0982358479788,0.144864239681,0.228977896025,0.284532839648,0.341311273456,0.382745287062,0.468457403792,0.196076266173,0.313283491162,0.35667760701,0.445585121501,0.0188553487116,0.0202731854377,0.020691618838,0.0214763582611,737,1558.1,1855.2,2257.02
score_bo_l40_rp000_erp015__signal_3d_confirm__low20_minus_0_5atr,block_sensitivity,False,B299,score_bo_l40_rm002_erp015__signal_3d_confirm__low20_minus_0_5atr,2,20260728,5,5000,2332,c039b388e2e47cfb84e2807f288ea4ff38c4249222953b654d80416fd206b4da,,,0.9486,0.9486,0.0886,0.9994,0.9314,0.6584,0.187,0.034,0.0088,0.0004,-0.00110885554168,996.766218541,1451.22613764,1893.32014523,2486.174425,3722.17469037,-0.000349128235932,0.0409651001384,0.0712397614451,0.103166489036,0.152221185433,0.225731643341,0.281144788839,0.33855423594,0.377089503484,0.463899922873,0.193160902837,0.307947329388,0.351411943182,0.443484638723,0.0188382268859,0.0202122684556,0.0206138448319,0.0214377078126,696,1450.4,1751.1,2230.02
score_bo_l40_rp000_erp015__signal_3d_confirm__ma50,block_sensitivity,False,B300,score_bo_l40_rm002_erp015__signal_3d_confirm__ma50,2,20260728,5,5000,2332,c039b388e2e47cfb84e2807f288ea4ff38c4249222953b654d80416fd206b4da,,,0.9278,0.9278,0.075,0.9994,0.9378,0.684,0.2054,0.0432,0.0126,0.0004,-0.0241343115541,926.630680347,1360.72790008,1771.65961854,2322.30001581,3465.02374404,-0.00818126467217,0.0337641725479,0.0635970522462,0.0950867981338,0.143362882564,0.231353267005,0.287858305405,0.348437967345,0.389896996587,0.482283302779,0.199114050232,0.318664940769,0.363813644444,0.458961152593,0.0192421077178,0.0207190348049,0.0211625525625,0.0219746644926,760,1585.1,1895,2276
score_bo_l40_rp002_erp005__signal_3d_confirm__low20,block_sensitivity,False,B318,score_bo_l40_rp002_erp005__signal_3d_confirm__low20,1,20260728,5,5000,2332,c039b388e2e47cfb84e2807f288ea4ff38c4249222953b654d80416fd206b4da,,,0.8688,0.8688,0.0652,1,0.9974,0.9496,0.5648,0.2204,0.0432,0.006,-0.0586974826605,775.519243064,1232.73684633,1720.38689456,2351.62788402,3687.24991919,-0.0270347918075,0.0228135188889,0.0602349978723,0.0965693979937,0.151050783533,0.315041667496,0.389190748201,0.466798678894,0.514290547447,0.613870429617,0.275418304524,0.436366750432,0.484689768532,0.592167569371,0.0258219908249,0.0276038635146,0.0281476849927,0.0291130266678,854,1830.1,2096.05,2314.02
score_bo_l40_rp002_erp005__signal_3d_confirm__low20_minus_0_5atr,block_sensitivity,False,B319,score_bo_l40_rp002_erp005__signal_3d_confirm__low20_minus_0_5atr,1,20260728,5,5000,2332,c039b388e2e47cfb84e2807f288ea4ff38c4249222953b654d80416fd206b4da,,,0.9194,0.9194,0.0952,1,0.9956,0.9198,0.4724,0.157,0.0202,0.0022,-0.0294732081446,890.346092298,1415.29559864,1955.99901404,2710.31012234,4172.79029726,-0.0124431788343,0.0381554154115,0.0750076828768,0.113480108564,0.166504186588,0.294164958144,0.361763275339,0.435900249707,0.479077497608,0.577417339586,0.252743993651,0.401523865139,0.449309404566,0.556752175498,0.0250063413115,0.0266970557712,0.0271522836839,0.0280501105086,744.5,1606,1885.05,2257
score_bo_l40_rp002_erp005__signal_3d_confirm__ma50,block_sensitivity,False,B320,score_bo_l40_rp002_erp005__signal_3d_confirm__ma50,1,20260728,5,5000,2332,c039b388e2e47cfb84e2807f288ea4ff38c4249222953b654d80416fd206b4da,,,0.876,0.876,0.0606,1,0.9954,0.9156,0.481,0.1676,0.037,0.0034,-0.053816476527,806.122731976,1248.37172581,1704.80620439,2268.96589322,3493.64293473,-0.0229666635452,0.0242041850256,0.0591956307881,0.092347284844,0.144377222942,0.29524105653,0.367474723184,0.441326491239,0.487916026532,0.581397160378,0.257476107659,0.410255575979,0.46157093956,0.558311394552,0.0247419281248,0.0264423117799,0.0268926530615,0.0278753732815,847.5,1792.3,2077,2310
score_bo_l40_rp002_erp010__signal_3d_confirm__low20,block_sensitivity,False,B338,score_bo_l40_rp002_erp010__signal_3d_confirm__low20,1,20260728,5,5000,2332,c039b388e2e47cfb84e2807f288ea4ff38c4249222953b654d80416fd206b4da,,,0.9076,0.9076,0.0848,1,0.9966,0.923,0.4926,0.166,0.0268,0.003,-0.0386386454574,855.776350761,1351.51478206,1859.21770864,2531.59510346,3942.85948074,-0.0166503526972,0.0330073067188,0.0691427043497,0.105321733605,0.159398164079,0.297922507919,0.365158375992,0.441004567257,0.485210189321,0.581634709642,0.257664715973,0.407412818031,0.455992563411,0.559313983209,0.0252531575939,0.0269158968487,0.0274044029131,0.0283416701498,771,1690.1,2007.1,2298
score_bo_l40_rp002_erp010__signal_3d_confirm__low20_minus_0_5atr,block_sensitivity,False,B339,score_bo_l40_rp002_erp010__signal_3d_confirm__low20_minus_0_5atr,1,20260728,5,5000,2332,c039b388e2e47cfb84e2807f288ea4ff38c4249222953b654d80416fd206b4da,,,0.9324,0.9324,0.1096,1,0.9936,0.9078,0.4364,0.1386,0.0164,0.0012,-0.0176660209179,934.175468889,1476.83353124,2040.21657306,2809.33145352,4299.00787754,-0.0073138061722,0.0429299035544,0.0799042717951,0.117795926949,0.170257686391,0.285866804201,0.351751144784,0.423247372137,0.467845464454,0.558025438838,0.245375597962,0.390612549509,0.437739443921,0.533593933162,0.0247684989898,0.0263530028539,0.0267735733621,0.0277547777818,716,1550.3,1822.05,2254.03
score_bo_l40_rp002_erp010__signal_3d_confirm__ma50,block_sensitivity,False,B340,score_bo_l40_rp002_erp010__signal_3d_confirm__ma50,1,20260728,5,5000,2332,c039b388e2e47cfb84e2807f288ea4ff38c4249222953b654d80416fd206b4da,,,0.8758,0.8758,0.0604,1,0.9954,0.9146,0.4806,0.1674,0.0368,0.0034,-0.0536843120944,805.63537729,1248.78485548,1706.77905645,2269.68998925,3496.47093954,-0.0230303649403,0.024240718784,0.0593277051868,0.0923848611342,0.144477055539,0.295111013772,0.367211473302,0.44179025398,0.487287864371,0.581179614631,0.257201561022,0.409667220707,0.460836330746,0.556885173437,0.0247434195458,0.0264427841255,0.0268959104001,0.027890758142,848,1786.1,2077,2310
score_bo_l40_rp002_erp015__signal_3d_confirm__low20,block_sensitivity,False,B358,score_bo_l40_rp002_erp015__signal_3d_confirm__low20,1,20260728,5,5000,2332,c039b388e2e47cfb84e2807f288ea4ff38c4249222953b654d80416fd206b4da,,,0.933,0.933,0.1496,1,0.996,0.9188,0.473,0.1512,0.0186,0.002,-0.0190417199679,929.997057781,1505.85545732,2121.98915795,2982.71839532,4861.54512031,-0.00779343984046,0.0451202834694,0.0844890934237,0.125036222383,0.185875387126,0.29321183523,0.359734730617,0.430271879706,0.474990455252,0.57180658368,0.251214655512,0.395733156493,0.442839663592,0.544927860274,0.0257431336426,0.0274963599707,0.028016329238,0.0289708477265,727,1578.2,1854.15,2257
score_bo_l40_rp002_erp015__signal_3d_confirm__low20_minus_0_5atr,block_sensitivity,False,B359,score_bo_l40_rp002_erp015__signal_3d_confirm__low20_minus_0_5atr,1,20260728,5,5000,2332,c039b388e2e47cfb84e2807f288ea4ff38c4249222953b654d80416fd206b4da,,,0.9586,0.9586,0.2066,1,0.9936,0.8934,0.4072,0.122,0.0098,0.0008,0.0135267487104,1047.03617536,1701.5698925,2391.56251666,3389.82769925,5390.7326867,0.00496747954453,0.0589786631755,0.0985618905904,0.140661650843,0.199158880675,0.278957026484,0.343870753314,0.413411568375,0.453414822735,0.547389218514,0.237281889782,0.375790820996,0.422603298145,0.517616282003,0.0252819314614,0.0270232822711,0.0275106097899,0.0284791639097,655,1408,1691.2,2201.01
score_bo_l40_rp002_erp015__signal_3d_confirm__ma50,block_sensitivity,False,B360,score_bo_l40_rp002_erp015__signal_3d_confirm__ma50,1,20260728,5,5000,2332,c039b388e2e47cfb84e2807f288ea4ff38c4249222953b654d80416fd206b4da,,,0.9036,0.9036,0.1028,1,0.9968,0.926,0.4882,0.1732,0.0316,0.0032,-0.0452910577521,831.163320417,1351.47448617,1874.07056642,2581.44804433,4130.55528388,-0.0197392120907,0.0330039862137,0.0700602328536,0.107647935061,0.165225554879,0.296939430243,0.368980519562,0.443413133804,0.487659496572,0.587849597707,0.258227618751,0.410782399184,0.457639093592,0.556408819013,0.0253796511932,0.0271664490536,0.0276807275626,0.0287026051044,807,1709.3,2022.05,2299
score_bo_l10_rm002_erp010__first_signal__low10,block_sensitivity,False,B027,score_bo_l10_rm002_erp010__first_signal__low10,2,20260728,60,5000,2332,7b4690980f594fb13664995b04ca862b605d958ecd12e9fc14319550eb0bd643,,,0.8508,0.8508,0.0002,0.99,0.7606,0.4198,0.0682,0.0076,0.0124,0,-0.0550459812282,867.602929482,1087.34089611,1268.46641586,1484.13911804,1834.25971979,-0.0151942510083,0.00906810292254,0.0259688915282,0.0434848729286,0.0675861045834,0.186947551161,0.231839429761,0.279425246833,0.316075671401,0.391701601854,0.159220513974,0.252761400612,0.289682461954,0.365102932498,0.0145443045764,0.0162204541551,0.0166950496299,0.0175343721404,902,1893.1,2136.1,2311
score_bo_l10_rm002_erp015__first_signal__low10,block_sensitivity,False,B047,score_bo_l10_rm002_erp015__first_signal__low10,2,20260728,60,5000,2332,7b4690980f594fb13664995b04ca862b605d958ecd12e9fc14319550eb0bd643,,,0.8574,0.8574,0.0002,0.9846,0.7354,0.3988,0.0622,0.008,0.0126,0,-0.0522134036654,873.216518386,1096.18178168,1277.78152889,1495.26680674,1858.86012163,-0.014509293932,0.00994941004783,0.0267784936236,0.0443255227328,0.0691205340027,0.183380581954,0.228994313231,0.278300289939,0.314066661891,0.389150811449,0.156367707997,0.252054915219,0.287835468714,0.367420214772,0.0144279988695,0.0160674861531,0.0165268744454,0.0172739349433,889,1868,2122,2308.01
score_bo_l10_rp000_erp010__first_signal__low10,block_sensitivity,False,B027,score_bo_l10_rm002_erp010__first_signal__low10,2,20260728,60,5000,2332,7b4690980f594fb13664995b04ca862b605d958ecd12e9fc14319550eb0bd643,,,0.8508,0.8508,0.0002,0.99,0.7606,0.4198,0.0682,0.0076,0.0124,0,-0.0550459812282,867.602929482,1087.34089611,1268.46641586,1484.13911804,1834.25971979,-0.0151942510083,0.00906810292254,0.0259688915282,0.0434848729286,0.0675861045834,0.186947551161,0.231839429761,0.279425246833,0.316075671401,0.391701601854,0.159220513974,0.252761400612,0.289682461954,0.365102932498,0.0145443045764,0.0162204541551,0.0166950496299,0.0175343721404,902,1893.1,2136.1,2311
score_bo_l10_rp000_erp015__first_signal__low10,block_sensitivity,False,B047,score_bo_l10_rm002_erp015__first_signal__low10,2,20260728,60,5000,2332,7b4690980f594fb13664995b04ca862b605d958ecd12e9fc14319550eb0bd643,,,0.8574,0.8574,0.0002,0.9846,0.7354,0.3988,0.0622,0.008,0.0126,0,-0.0522134036654,873.216518386,1096.18178168,1277.78152889,1495.26680674,1858.86012163,-0.014509293932,0.00994941004783,0.0267784936236,0.0443255227328,0.0691205340027,0.183380581954,0.228994313231,0.278300289939,0.314066661891,0.389150811449,0.156367707997,0.252054915219,0.287835468714,0.367420214772,0.0144279988695,0.0160674861531,0.0165268744454,0.0172739349433,889,1868,2122,2308.01
score_bo_l20_rm002_erp010__first_signal__low10,block_sensitivity,False,B147,score_bo_l20_rm002_erp010__first_signal__low10,2,20260728,60,5000,2332,7b4690980f594fb13664995b04ca862b605d958ecd12e9fc14319550eb0bd643,,,0.9162,0.9162,0.0014,0.977,0.682,0.3184,0.0402,0.0034,0.0044,0,-0.0260012860136,942.151031796,1186.86548655,1378.25144268,1613.30510643,2007.16479089,-0.00640359456834,0.0186406426608,0.0351912153872,0.0529149357938,0.0780044590632,0.173191260346,0.213541571544,0.259305035964,0.288459255543,0.353578800339,0.143552842992,0.230356035977,0.262634681009,0.330092633816,0.0146908317363,0.0162655346832,0.0167182846284,0.0174626384147,762.5,1626.1,1913.2,2274.03
score_bo_l20_rm002_erp015__first_signal__low10,block_sensitivity,False,B167,score_bo_l20_rm002_erp015__first_signal__low10,2,20260728,60,5000,2332,7b4690980f594fb13664995b04ca862b605d958ecd12e9fc14319550eb0bd643,,,0.8872,0.8872,0.0012,0.9886,0.7062,0.3486,0.0486,0.0038,0.006,0,-0.0402180013584,904.66677734,1133.06270393,1314.86084499,1535.23020672,1895.84517401,-0.0107429078514,0.0135588097906,0.0299498288035,0.0472992694859,0.0713936896083,0.176786502873,0.219660569008,0.266328997493,0.29862839638,0.370091980134,0.149622410746,0.240781602112,0.272853231796,0.345072545366,0.0147582333105,0.0163022307967,0.0167396915805,0.0174393480636,831.5,1749.1,2036.3,2289.03
score_bo_l20_rp000_erp010__first_signal__low10,block_sensitivity,False,B147,score_bo_l20_rm002_erp010__first_signal__low10,2,20260728,60,5000,2332,7b4690980f594fb13664995b04ca862b605d958ecd12e9fc14319550eb0bd643,,,0.9162,0.9162,0.0014,0.977,0.682,0.3184,0.0402,0.0034,0.0044,0,-0.0260012860136,942.151031796,1186.86548655,1378.25144268,1613.30510643,2007.16479089,-0.00640359456834,0.0186406426608,0.0351912153872,0.0529149357938,0.0780044590632,0.173191260346,0.213541571544,0.259305035964,0.288459255543,0.353578800339,0.143552842992,0.230356035977,0.262634681009,0.330092633816,0.0146908317363,0.0162655346832,0.0167182846284,0.0174626384147,762.5,1626.1,1913.2,2274.03
score_bo_l20_rp000_erp015__first_signal__low10,block_sensitivity,False,B167,score_bo_l20_rm002_erp015__first_signal__low10,2,20260728,60,5000,2332,7b4690980f594fb13664995b04ca862b605d958ecd12e9fc14319550eb0bd643,,,0.8872,0.8872,0.0012,0.9886,0.7062,0.3486,0.0486,0.0038,0.006,0,-0.0402180013584,904.66677734,1133.06270393,1314.86084499,1535.23020672,1895.84517401,-0.0107429078514,0.0135588097906,0.0299498288035,0.0472992694859,0.0713936896083,0.176786502873,0.219660569008,0.266328997493,0.29862839638,0.370091980134,0.149622410746,0.240781602112,0.272853231796,0.345072545366,0.0147582333105,0.0163022307967,0.0167396915805,0.0174393480636,831.5,1749.1,2036.3,2289.03
score_bo_l20_rp002_erp010__first_signal__low10,block_sensitivity,False,B207,score_bo_l20_rp002_erp010__first_signal__low10,1,20260728,60,5000,2332,7b4690980f594fb13664995b04ca862b605d958ecd12e9fc14319550eb0bd643,,,0.928,0.928,0.0112,0.9996,0.9292,0.7358,0.3042,0.0738,0.0138,0,-0.0196957431055,930.747612194,1344.51525098,1702.7499365,2148.73169718,2959.60894474,-0.00770714386432,0.0324292054169,0.0590578246468,0.0859543095479,0.124093258874,0.263092679543,0.314525023006,0.380417972595,0.422969974237,0.508571127031,0.209127473279,0.337320984541,0.387065689339,0.474650700799,0.0201300379689,0.02220295399,0.0228195029144,0.0239327971527,700,1554.1,1879.1,2234.04
score_bo_l40_rm002_erp010__signal_3d_confirm__ma50,block_sensitivity,False,B280,score_bo_l40_rm002_erp010__signal_3d_confirm__ma50,2,20260728,60,5000,2332,7b4690980f594fb13664995b04ca862b605d958ecd12e9fc14319550eb0bd643,,,0.8716,0.8716,0.0138,0.9986,0.9232,0.6978,0.2436,0.055,0.0254,0.0008,-0.0525195412811,836.32744896,1196.54095469,1542.00274457,1980.67759922,2964.34528467,-0.0190844278837,0.0195326410797,0.0477963686163,0.0764617271624,0.124287046785,0.237116208319,0.29780189715,0.363434844131,0.405623255205,0.492222056844,0.203818865995,0.335394192102,0.379707679123,0.467832667294,0.0188526025849,0.0208334932344,0.0214169539242,0.0222982871896,856,1801.1,2069.15,2303.01
score_bo_l40_rm002_erp015__signal_3d_confirm__low20,block_sensitivity,False,B298,score_bo_l40_rm002_erp015__signal_3d_confirm__low20,2,20260728,60,5000,2332,7b4690980f594fb13664995b04ca862b605d958ecd12e9fc14319550eb0bd643,,,0.8938,0.8938,0.0832,0.9986,0.9404,0.7306,0.2612,0.067,0.0252,0.0008,-0.0471928865173,850.088278304,1282.3873663,1783.88705045,2543.41682152,4556.41345089,-0.017357077422,0.0271768550192,0.0643859858379,0.105877015519,0.177617248371,0.240341043684,0.302991351516,0.371581261333,0.419226709576,0.50114058797,0.209896814306,0.343501643384,0.394193541132,0.479752880564,0.0188143743682,0.0208008615518,0.0214181566482,0.0224745659357,842,1749.1,2030,2290
score_bo_l40_rm002_erp015__signal_3d_confirm__low20_minus_0_5atr,block_sensitivity,False,B299,score_bo_l40_rm002_erp015__signal_3d_confirm__low20_minus_0_5atr,2,20260728,60,5000,2332,7b4690980f594fb13664995b04ca862b605d958ecd12e9fc14319550eb0bd643,,,0.9118,0.9118,0.0848,0.9958,0.9166,0.6856,0.2442,0.061,0.019,0.0006,-0.0345943423904,892.455791181,1364.80985423,1865.58182821,2677.82565477,4700.74930289,-0.0121911770628,0.0340980468922,0.0695366427716,0.112033603799,0.181583161563,0.235405158307,0.298075366554,0.368481046036,0.414340749395,0.500600534264,0.206257979131,0.341006604265,0.3898019833,0.475852467946,0.0188037814016,0.0206598167587,0.021174577887,0.0222015244469,785,1657,1947.05,2273.02
score_bo_l40_rm002_erp015__signal_3d_confirm__ma50,block_sensitivity,False,B300,score_bo_l40_rm002_erp015__signal_3d_confirm__ma50,2,20260728,60,5000,2332,7b4690980f594fb13664995b04ca862b605d958ecd12e9fc14319550eb0bd643,,,0.8996,0.8996,0.076,0.999,0.9224,0.666,0.2006,0.041,0.0178,0.0004,-0.0424721202426,880.515449086,1275.96888315,1749.04241074,2465.21219525,4307.35023494,-0.0136245342778,0.0266213631796,0.0621248426297,0.102159944427,0.17050230209,0.230040925453,0.285120633652,0.348953647589,0.388941642439,0.466873660248,0.197582647683,0.319931891003,0.362714072003,0.444735897844,0.0192341893725,0.0213441147419,0.0219142084555,0.023126431348,837.5,1739.3,2020,2292.02
score_bo_l40_rp000_erp010__signal_3d_confirm__ma50,block_sensitivity,False,B280,score_bo_l40_rm002_erp010__signal_3d_confirm__ma50,2,20260728,60,5000,2332,7b4690980f594fb13664995b04ca862b605d958ecd12e9fc14319550eb0bd643,,,0.8716,0.8716,0.0138,0.9986,0.9232,0.6978,0.2436,0.055,0.0254,0.0008,-0.0525195412811,836.32744896,1196.54095469,1542.00274457,1980.67759922,2964.34528467,-0.0190844278837,0.0195326410797,0.0477963686163,0.0764617271624,0.124287046785,0.237116208319,0.29780189715,0.363434844131,0.405623255205,0.492222056844,0.203818865995,0.335394192102,0.379707679123,0.467832667294,0.0188526025849,0.0208334932344,0.0214169539242,0.0222982871896,856,1801.1,2069.15,2303.01
score_bo_l40_rp000_erp015__signal_3d_confirm__low20,block_sensitivity,False,B298,score_bo_l40_rm002_erp015__signal_3d_confirm__low20,2,20260728,60,5000,2332,7b4690980f594fb13664995b04ca862b605d958ecd12e9fc14319550eb0bd643,,,0.8938,0.8938,0.0832,0.9986,0.9404,0.7306,0.2612,0.067,0.0252,0.0008,-0.0471928865173,850.088278304,1282.3873663,1783.88705045,2543.41682152,4556.41345089,-0.017357077422,0.0271768550192,0.0643859858379,0.105877015519,0.177617248371,0.240341043684,0.302991351516,0.371581261333,0.419226709576,0.50114058797,0.209896814306,0.343501643384,0.394193541132,0.479752880564,0.0188143743682,0.0208008615518,0.0214181566482,0.0224745659357,842,1749.1,2030,2290
score_bo_l40_rp000_erp015__signal_3d_confirm__low20_minus_0_5atr,block_sensitivity,False,B299,score_bo_l40_rm002_erp015__signal_3d_confirm__low20_minus_0_5atr,2,20260728,60,5000,2332,7b4690980f594fb13664995b04ca862b605d958ecd12e9fc14319550eb0bd643,,,0.9118,0.9118,0.0848,0.9958,0.9166,0.6856,0.2442,0.061,0.019,0.0006,-0.0345943423904,892.455791181,1364.80985423,1865.58182821,2677.82565477,4700.74930289,-0.0121911770628,0.0340980468922,0.0695366427716,0.112033603799,0.181583161563,0.235405158307,0.298075366554,0.368481046036,0.414340749395,0.500600534264,0.206257979131,0.341006604265,0.3898019833,0.475852467946,0.0188037814016,0.0206598167587,0.021174577887,0.0222015244469,785,1657,1947.05,2273.02
score_bo_l40_rp000_erp015__signal_3d_confirm__ma50,block_sensitivity,False,B300,score_bo_l40_rm002_erp015__signal_3d_confirm__ma50,2,20260728,60,5000,2332,7b4690980f594fb13664995b04ca862b605d958ecd12e9fc14319550eb0bd643,,,0.8996,0.8996,0.076,0.999,0.9224,0.666,0.2006,0.041,0.0178,0.0004,-0.0424721202426,880.515449086,1275.96888315,1749.04241074,2465.21219525,4307.35023494,-0.0136245342778,0.0266213631796,0.0621248426297,0.102159944427,0.17050230209,0.230040925453,0.285120633652,0.348953647589,0.388941642439,0.466873660248,0.197582647683,0.319931891003,0.362714072003,0.444735897844,0.0192341893725,0.0213441147419,0.0219142084555,0.023126431348,837.5,1739.3,2020,2292.02
score_bo_l40_rp002_erp005__signal_3d_confirm__low20,block_sensitivity,False,B318,score_bo_l40_rp002_erp005__signal_3d_confirm__low20,1,20260728,60,5000,2332,7b4690980f594fb13664995b04ca862b605d958ecd12e9fc14319550eb0bd643,,,0.8554,0.8554,0.042,1,0.9996,0.959,0.6128,0.2628,0.0536,0.0096,-0.0684775435243,733.612617121,1220.20242999,1740.80392892,2449.68039832,4043.85500826,-0.0328443294589,0.0216872161829,0.0615843585646,0.101409217228,0.162563783032,0.327287642116,0.405000489492,0.485541070454,0.537920840362,0.633511677276,0.283603617625,0.453612320651,0.506760872674,0.605604969941,0.025837471753,0.0279002936084,0.0283891976557,0.0295003557906,887,1860.1,2122.05,2310.01
score_bo_l40_rp002_erp005__signal_3d_confirm__low20_minus_0_5atr,block_sensitivity,False,B319,score_bo_l40_rp002_erp005__signal_3d_confirm__low20_minus_0_5atr,1,20260728,60,5000,2332,7b4690980f594fb13664995b04ca862b605d958ecd12e9fc14319550eb0bd643,,,0.9094,0.9094,0.0682,1,0.9932,0.8972,0.5306,0.2076,0.0312,0.0032,-0.0384936829469,847.472499186,1408.94565386,1978.05166407,2798.7835877,4552.36389213,-0.0176834970218,0.0376522593566,0.0763077792185,0.117342722371,0.177504377894,0.306160064639,0.381625319428,0.462258617937,0.517224954989,0.604784167371,0.26585378906,0.429664764597,0.486154123056,0.581663185408,0.025007457808,0.0270730709134,0.0277233589933,0.0287780674078,768,1671.1,1967.05,2287.01
score_bo_l40_rp002_erp005__signal_3d_confirm__ma50,block_sensitivity,False,B320,score_bo_l40_rp002_erp005__signal_3d_confirm__ma50,1,20260728,60,5000,2332,7b4690980f594fb13664995b04ca862b605d958ecd12e9fc14319550eb0bd643,,,0.884,0.884,0.038,1,0.994,0.9016,0.4572,0.144,0.0322,0.003,-0.0485049626537,828.521371468,1276.65451646,1709.38129085,2307.08941623,3635.77207449,-0.02007560106,0.0266808187409,0.0595017058914,0.0943112749598,0.149307455056,0.290557368493,0.35750171866,0.426967643668,0.473782450777,0.56268884918,0.244722405726,0.390197109022,0.441702996976,0.530190215141,0.0247483699756,0.0266609173586,0.0272385616328,0.0282178497138,843,1758.1,2050.05,2302.01
score_bo_l40_rp002_erp010__signal_3d_confirm__low20,block_sensitivity,False,B338,score_bo_l40_rp002_erp010__signal_3d_confirm__low20,1,20260728,60,5000,2332,7b4690980f594fb13664995b04ca862b605d958ecd12e9fc14319550eb0bd643,,,0.8902,0.8902,0.0652,1,0.9984,0.9436,0.5672,0.226,0.0356,0.006,-0.0515000213274,809.71282201,1325.14800017,1883.09509215,2648.21996705,4392.96719084,-0.0224984726916,0.0308155286051,0.070614553639,0.110701588797,0.172988583487,0.316208619002,0.390990499457,0.466395687447,0.51886627523,0.60919775836,0.271820776748,0.432500072564,0.487267686197,0.582833131336,0.0252588631303,0.0271895092544,0.0277318367358,0.0287579851423,824,1740,2051,2300.01
score_bo_l40_rp002_erp010__signal_3d_confirm__low20_minus_0_5atr,block_sensitivity,False,B339,score_bo_l40_rp002_erp010__signal_3d_confirm__low20_minus_0_5atr,1,20260728,60,5000,2332,7b4690980f594fb13664995b04ca862b605d958ecd12e9fc14319550eb0bd643,,,0.9192,0.9192,0.083,1,0.9912,0.8852,0.5074,0.19,0.026,0.0026,-0.0282477386474,888.947698012,1466.23334378,2054.63698035,2930.60206936,4693.36834904,-0.012610512339,0.0421202883286,0.0807245621483,0.122900308732,0.181383012273,0.301279350533,0.374425108687,0.451680630884,0.507117887543,0.594449759577,0.259698366552,0.420374875337,0.478326364601,0.567856385882,0.0247611093931,0.026741106926,0.027319284159,0.0283808845984,740,1612,1912.1,2273.06
score_bo_l40_rp002_erp010__signal_3d_confirm__ma50,block_sensitivity,False,B340,score_bo_l40_rp002_erp010__signal_3d_confirm__ma50,1,20260728,60,5000,2332,7b4690980f594fb13664995b04ca862b605d958ecd12e9fc14319550eb0bd643,,,0.8842,0.8842,0.038,1,0.9938,0.9008,0.4578,0.1446,0.0328,0.003,-0.0484032369379,829.442060756,1277.20510721,1710.52699052,2307.29983245,3627.77139099,-0.0199582644884,0.0267285483341,0.0595782389975,0.0943220351029,0.149034531691,0.290845041737,0.357569957115,0.427367881656,0.473723742573,0.562220265509,0.245424070682,0.391001967453,0.442802248939,0.530222902957,0.0247522713226,0.0266872224977,0.0272648581999,0.0282563379009,842,1758,2044.25,2302.01
score_bo_l40_rp002_erp015__signal_3d_confirm__low20,block_sensitivity,False,B358,score_bo_l40_rp002_erp015__signal_3d_confirm__low20,1,20260728,60,5000,2332,7b4690980f594fb13664995b04ca862b605d958ecd12e9fc14319550eb0bd643,,,0.9082,0.9082,0.1524,1,0.9982,0.94,0.5454,0.2026,0.0304,0.0042,-0.0409320770614,847.921478833,1430.7305355,2117.25586696,3173.64440863,6041.90697446,-0.0176274070909,0.0393701005012,0.0842280424119,0.132586745033,0.213992495272,0.309391370496,0.381861297561,0.454651731062,0.507659418881,0.592402490296,0.266291306278,0.419361907351,0.474298631395,0.568115011564,0.0257317926301,0.0279259425461,0.0285862249082,0.0297287116984,808,1678.1,2004.2,2290
score_bo_l40_rp002_erp015__signal_3d_confirm__low20_minus_0_5atr,block_sensitivity,False,B359,score_bo_l40_rp002_erp015__signal_3d_confirm__low20_minus_0_5atr,1,20260728,60,5000,2332,7b4690980f594fb13664995b04ca862b605d958ecd12e9fc14319550eb0bd643,,,0.9406,0.9406,0.1976,1,0.9914,0.8808,0.4542,0.1548,0.0176,0.0014,-0.0122363359258,957.592509535,1626.19199927,2378.49014165,3583.1354696,6626.18649648,-0.00466070078285,0.0538184379783,0.0979129309991,0.14750196198,0.226134014939,0.289284084002,0.359411359223,0.43250300146,0.486212041329,0.571559753942,0.249379183552,0.397308259694,0.455803690027,0.549118334714,0.0252804661708,0.027552035807,0.0282359820815,0.0294608887641,712,1506.2,1823.15,2262.01
score_bo_l40_rp002_erp015__signal_3d_confirm__ma50,block_sensitivity,False,B360,score_bo_l40_rp002_erp015__signal_3d_confirm__ma50,1,20260728,60,5000,2332,7b4690980f594fb13664995b04ca862b605d958ecd12e9fc14319550eb0bd643,,,0.889,0.889,0.0946,1,0.9958,0.9164,0.4758,0.1546,0.0314,0.0028,-0.0495687582227,823.857039529,1318.47382318,1859.96081339,2693.01217679,4804.731622,-0.0206718398566,0.0302545597658,0.0691887644493,0.112711783894,0.184373494375,0.295209780717,0.362739896505,0.433807416433,0.477996300324,0.563745526173,0.249531698612,0.39638878174,0.445018650291,0.533681564173,0.0253317066675,0.0276320031122,0.0283011272308,0.0294031398855,849,1761.2,2042.05,2306
score_bo_l10_rm002_erp005__first_signal__low10,comparison,True,B007,score_bo_l10_rm002_erp005__first_signal__low10,2,20260728,20,5000,2332,a20988da73bd1a04c843855e91b3a958683e1f2cc5ec7a90bdb8ef62156e595f,a20988da73bd1a04c843855e91b3a958683e1f2cc5ec7a90bdb8ef62156e595f,,0.7834,0.7834,0.0028,0.994,0.8604,0.5592,0.1486,0.0258,0.0326,0.0006,-0.0765422259061,788.267667212,1026.41261836,1213.74441181,1446.72558449,1852.85504818,-0.025323025697,0.00281446178625,0.0211028839906,0.0406165897232,0.0687476517203,0.209242807544,0.264733996475,0.326120831569,0.365578169071,0.442424114234,0.183881137876,0.301851476194,0.34340201186,0.423702884051,0.0144809212972,0.0157260947056,0.0160796628923,0.0167101184348,1005,2038.4,2234.05,2324.01
score_bo_l10_rm002_erp010__first_signal__low10,comparison,True,B027,score_bo_l10_rm002_erp010__first_signal__low10,2,20260728,20,5000,2332,a20988da73bd1a04c843855e91b3a958683e1f2cc5ec7a90bdb8ef62156e595f,a20988da73bd1a04c843855e91b3a958683e1f2cc5ec7a90bdb8ef62156e595f,,0.835,0.835,0.004,0.9932,0.812,0.484,0.1046,0.0144,0.0198,0.0002,-0.0622839722909,833.302894398,1073.13903884,1263.11917239,1499.74874439,1906.01570011,-0.019467490351,0.00763891009107,0.0255017480607,0.0446625383258,0.0720118477488,0.197828781168,0.247642409912,0.301509709046,0.340806013439,0.415104171172,0.170249314615,0.27787847873,0.319096328776,0.392316583395,0.0145634602514,0.0158866528855,0.0162819134063,0.0170129203925,932,1915,2173,2320
score_bo_l10_rm002_erp015__first_signal__low10,comparison,True,B047,score_bo_l10_rm002_erp015__first_signal__low10,2,20260728,20,5000,2332,a20988da73bd1a04c843855e91b3a958683e1f2cc5ec7a90bdb8ef62156e595f,a20988da73bd1a04c843855e91b3a958683e1f2cc5ec7a90bdb8ef62156e595f,,0.844,0.844,0.0044,0.9924,0.7986,0.4616,0.0934,0.0134,0.0174,0,-0.0607935886693,844.326978822,1085.37155522,1273.86259664,1507.50605678,1913.28208094,-0.0180772156975,0.0088709181454,0.0264385302135,0.04524372492,0.0724516937272,0.193518134291,0.242872716527,0.295896243975,0.334619946341,0.409887655787,0.166670029925,0.270177945528,0.310771885036,0.389801026425,0.0144493336789,0.0157411839489,0.0161376003079,0.0168648096539,919,1891,2146.05,2316
score_bo_l10_rp000_erp005__first_signal__low10,comparison,True,B007,score_bo_l10_rm002_erp005__first_signal__low10,2,20260728,20,5000,2332,a20988da73bd1a04c843855e91b3a958683e1f2cc5ec7a90bdb8ef62156e595f,a20988da73bd1a04c843855e91b3a958683e1f2cc5ec7a90bdb8ef62156e595f,,0.7834,0.7834,0.0028,0.994,0.8604,0.5592,0.1486,0.0258,0.0326,0.0006,-0.0765422259061,788.267667212,1026.41261836,1213.74441181,1446.72558449,1852.85504818,-0.025323025697,0.00281446178625,0.0211028839906,0.0406165897232,0.0687476517203,0.209242807544,0.264733996475,0.326120831569,0.365578169071,0.442424114234,0.183881137876,0.301851476194,0.34340201186,0.423702884051,0.0144809212972,0.0157260947056,0.0160796628923,0.0167101184348,1005,2038.4,2234.05,2324.01
score_bo_l10_rp000_erp010__first_signal__low10,comparison,True,B027,score_bo_l10_rm002_erp010__first_signal__low10,2,20260728,20,5000,2332,a20988da73bd1a04c843855e91b3a958683e1f2cc5ec7a90bdb8ef62156e595f,a20988da73bd1a04c843855e91b3a958683e1f2cc5ec7a90bdb8ef62156e595f,,0.835,0.835,0.004,0.9932,0.812,0.484,0.1046,0.0144,0.0198,0.0002,-0.0622839722909,833.302894398,1073.13903884,1263.11917239,1499.74874439,1906.01570011,-0.019467490351,0.00763891009107,0.0255017480607,0.0446625383258,0.0720118477488,0.197828781168,0.247642409912,0.301509709046,0.340806013439,0.415104171172,0.170249314615,0.27787847873,0.319096328776,0.392316583395,0.0145634602514,0.0158866528855,0.0162819134063,0.0170129203925,932,1915,2173,2320
score_bo_l10_rp000_erp015__first_signal__low10,comparison,True,B047,score_bo_l10_rm002_erp015__first_signal__low10,2,20260728,20,5000,2332,a20988da73bd1a04c843855e91b3a958683e1f2cc5ec7a90bdb8ef62156e595f,a20988da73bd1a04c843855e91b3a958683e1f2cc5ec7a90bdb8ef62156e595f,,0.844,0.844,0.0044,0.9924,0.7986,0.4616,0.0934,0.0134,0.0174,0,-0.0607935886693,844.326978822,1085.37155522,1273.86259664,1507.50605678,1913.28208094,-0.0180772156975,0.0088709181454,0.0264385302135,0.04524372492,0.0724516937272,0.193518134291,0.242872716527,0.295896243975,0.334619946341,0.409887655787,0.166670029925,0.270177945528,0.310771885036,0.389801026425,0.0144493336789,0.0157411839489,0.0161376003079,0.0168648096539,919,1891,2146.05,2316
score_bo_l20_rm002_erp005__first_signal__low10,comparison,True,B127,score_bo_l20_rm002_erp005__first_signal__low10,2,20260728,20,5000,2332,a20988da73bd1a04c843855e91b3a958683e1f2cc5ec7a90bdb8ef62156e595f,a20988da73bd1a04c843855e91b3a958683e1f2cc5ec7a90bdb8ef62156e595f,,0.8932,0.8932,0.0068,0.988,0.7856,0.4374,0.0824,0.0098,0.0102,0,-0.0434845676712,888.7540076,1154.47923307,1362.53475383,1614.03507843,2052.45274195,-0.0126337089265,0.0156069374186,0.033912071213,0.052966286417,0.0806006451081,0.19006530608,0.236253246271,0.287255798152,0.327207391963,0.397216757181,0.16232627052,0.262413902669,0.300118662333,0.373885990377,0.014560837004,0.0157968035435,0.0161573240219,0.0168010122458,823,1716.1,2044,2301
score_bo_l20_rm002_erp010__first_signal__low10,comparison,True,B147,score_bo_l20_rm002_erp010__first_signal__low10,2,20260728,20,5000,2332,a20988da73bd1a04c843855e91b3a958683e1f2cc5ec7a90bdb8ef62156e595f,a20988da73bd1a04c843855e91b3a958683e1f2cc5ec7a90bdb8ef62156e595f,,0.9042,0.9042,0.0082,0.9866,0.7476,0.387,0.0626,0.006,0.008,0,-0.0354950989645,910.148697568,1172.16778694,1375.45568593,1626.40953036,2062.82559618,-0.0100983990325,0.0172731434965,0.0349646304222,0.0538336349212,0.0811880805098,0.183122089624,0.226418504905,0.276215830719,0.313151041847,0.383115594157,0.156050260794,0.250052302776,0.286784762927,0.360753603134,0.0147056356497,0.0160206081179,0.0163504799394,0.0170818021501,804,1676,1997.05,2286.02
score_bo_l20_rm002_erp015__first_signal__low10,comparison,True,B167,score_bo_l20_rm002_erp015__first_signal__low10,2,20260728,20,5000,2332,a20988da73bd1a04c843855e91b3a958683e1f2cc5ec7a90bdb8ef62156e595f,a20988da73bd1a04c843855e91b3a958683e1f2cc5ec7a90bdb8ef62156e595f,,0.8684,0.8684,0.0068,0.9908,0.7742,0.4338,0.08,0.01,0.0126,0,-0.0504682326487,872.100003368,1117.3443162,1312.24852314,1547.53816239,1972.21954435,-0.0146452114327,0.012033518956,0.0297290307608,0.0482012184873,0.0759652155436,0.189902745055,0.236749549316,0.289631137634,0.326516305507,0.399276392807,0.162614323675,0.264154927874,0.299651550061,0.380452570214,0.0147630592754,0.0160678993237,0.0163930865762,0.0171495892315,870,1809,2096.05,2311.01
score_bo_l20_rp000_erp005__first_signal__low10,comparison,True,B127,score_bo_l20_rm002_erp005__first_signal__low10,2,20260728,20,5000,2332,a20988da73bd1a04c843855e91b3a958683e1f2cc5ec7a90bdb8ef62156e595f,a20988da73bd1a04c843855e91b3a958683e1f2cc5ec7a90bdb8ef62156e595f,,0.8932,0.8932,0.0068,0.988,0.7856,0.4374,0.0824,0.0098,0.0102,0,-0.0434845676712,888.7540076,1154.47923307,1362.53475383,1614.03507843,2052.45274195,-0.0126337089265,0.0156069374186,0.033912071213,0.052966286417,0.0806006451081,0.19006530608,0.236253246271,0.287255798152,0.327207391963,0.397216757181,0.16232627052,0.262413902669,0.300118662333,0.373885990377,0.014560837004,0.0157968035435,0.0161573240219,0.0168010122458,823,1716.1,2044,2301
score_bo_l20_rp000_erp010__first_signal__low10,comparison,True,B147,score_bo_l20_rm002_erp010__first_signal__low10,2,20260728,20,5000,2332,a20988da73bd1a04c843855e91b3a958683e1f2cc5ec7a90bdb8ef62156e595f,a20988da73bd1a04c843855e91b3a958683e1f2cc5ec7a90bdb8ef62156e595f,,0.9042,0.9042,0.0082,0.9866,0.7476,0.387,0.0626,0.006,0.008,0,-0.0354950989645,910.148697568,1172.16778694,1375.45568593,1626.40953036,2062.82559618,-0.0100983990325,0.0172731434965,0.0349646304222,0.0538336349212,0.0811880805098,0.183122089624,0.226418504905,0.276215830719,0.313151041847,0.383115594157,0.156050260794,0.250052302776,0.286784762927,0.360753603134,0.0147056356497,0.0160206081179,0.0163504799394,0.0170818021501,804,1676,1997.05,2286.02
score_bo_l20_rp000_erp015__first_signal__low10,comparison,True,B167,score_bo_l20_rm002_erp015__first_signal__low10,2,20260728,20,5000,2332,a20988da73bd1a04c843855e91b3a958683e1f2cc5ec7a90bdb8ef62156e595f,a20988da73bd1a04c843855e91b3a958683e1f2cc5ec7a90bdb8ef62156e595f,,0.8684,0.8684,0.0068,0.9908,0.7742,0.4338,0.08,0.01,0.0126,0,-0.0504682326487,872.100003368,1117.3443162,1312.24852314,1547.53816239,1972.21954435,-0.0146452114327,0.012033518956,0.0297290307608,0.0482012184873,0.0759652155436,0.189902745055,0.236749549316,0.289631137634,0.326516305507,0.399276392807,0.162614323675,0.264154927874,0.299651550061,0.380452570214,0.0147630592754,0.0160678993237,0.0163930865762,0.0171495892315,870,1809,2096.05,2311.01
score_bo_l20_rp002_erp005__first_signal__low10,comparison,True,B187,score_bo_l20_rp002_erp005__first_signal__low10,1,20260728,20,5000,2332,a20988da73bd1a04c843855e91b3a958683e1f2cc5ec7a90bdb8ef62156e595f,a20988da73bd1a04c843855e91b3a958683e1f2cc5ec7a90bdb8ef62156e595f,,0.8616,0.8616,0.021,0.9998,0.9698,0.8404,0.48,0.1796,0.0426,0.0034,-0.0577828147172,775.125592487,1188.50808605,1544.36923803,2041.15424327,2943.64692563,-0.0270880466929,0.018792532943,0.0479696079549,0.0799577673259,0.123438092828,0.293592470996,0.368559536679,0.447851084221,0.502326213642,0.601359961174,0.251947942976,0.4128484521,0.472006361918,0.576151051952,0.0208799370718,0.0230081561533,0.0236585991204,0.0248010159121,840,1794.1,2078.05,2308
score_bo_l20_rp002_erp010__first_signal__low10,comparison,True,B207,score_bo_l20_rp002_erp010__first_signal__low10,1,20260728,20,5000,2332,a20988da73bd1a04c843855e91b3a958683e1f2cc5ec7a90bdb8ef62156e595f,a20988da73bd1a04c843855e91b3a958683e1f2cc5ec7a90bdb8ef62156e595f,,0.9188,0.9188,0.0304,0.9998,0.9584,0.7748,0.3044,0.0742,0.015,0.001,-0.0260019558453,909.98031313,1330.70349778,1689.66676621,2171.84037209,3063.16172675,-0.0101181443656,0.0312805530296,0.0581775447174,0.0872073858795,0.128268604137,0.254859304015,0.31585590711,0.38176122171,0.42476876283,0.518551339444,0.213170305894,0.345962425108,0.392075857888,0.490361983821,0.0202224806031,0.0218991163239,0.0223784930912,0.0233516524641,739,1597.1,1881.45,2271.06
score_bo_l20_rp002_erp015__first_signal__low10,comparison,True,B227,score_bo_l20_rp002_erp015__first_signal__low10,1,20260728,20,5000,2332,a20988da73bd1a04c843855e91b3a958683e1f2cc5ec7a90bdb8ef62156e595f,a20988da73bd1a04c843855e91b3a958683e1f2cc5ec7a90bdb8ef62156e595f,,0.7916,0.7916,0.0108,0.9998,0.9804,0.8584,0.4464,0.1628,0.0602,0.005,-0.0756649277704,728.405328557,1058.83646695,1366.5176492,1751.15888834,2496.39345886,-0.0335867782246,0.00618242520275,0.0342374697589,0.0622633185127,0.103654435056,0.28717882041,0.361547154345,0.441205094936,0.487050540953,0.581893760077,0.251320955577,0.412095031845,0.459442616978,0.559049214265,0.0204047834895,0.0222553996367,0.022781777551,0.0237564599488,962,1979.2,2207,2321
score_bo_l40_rm002_erp005__signal_3d_confirm__low20,comparison,True,B258,score_bo_l40_rm002_erp005__signal_3d_confirm__low20,2,20260728,20,5000,2332,a20988da73bd1a04c843855e91b3a958683e1f2cc5ec7a90bdb8ef62156e595f,a20988da73bd1a04c843855e91b3a958683e1f2cc5ec7a90bdb8ef62156e595f,,0.842,0.842,0.0216,0.9998,0.9536,0.7502,0.2828,0.07,0.0316,0.0018,-0.0627785323859,804.453189571,1120.32247895,1448.19563664,1853.93272123,2728.90796639,-0.0231849876417,0.012323979804,0.0407305329556,0.0688146484765,0.11430129724,0.247997175081,0.31101720108,0.377790283582,0.418011466713,0.503694076623,0.218461332824,0.353295779341,0.393391640445,0.480969265438,0.0187151551002,0.0202524241472,0.0206921741899,0.0215073548433,916.5,1878.3,2170,2318.01
score_bo_l40_rm002_erp005__signal_3d_confirm__low20_minus_0_5atr,comparison,True,B259,score_bo_l40_rm002_erp005__signal_3d_confirm__low20_minus_0_5atr,2,20260728,20,5000,2332,a20988da73bd1a04c843855e91b3a958683e1f2cc5ec7a90bdb8ef62156e595f,a20988da73bd1a04c843855e91b3a958683e1f2cc5ec7a90bdb8ef62156e595f,,0.8842,0.8842,0.0222,0.9996,0.9408,0.7132,0.2496,0.0548,0.0202,0.001,-0.0461717501967,857.251143355,1198.58087854,1537.38162089,1969.69530621,2871.31860506,-0.016467796826,0.0197198835256,0.0474573937835,0.0758166670758,0.120429059513,0.238980155146,0.299843128781,0.365292762812,0.406341592237,0.493965804513,0.207261516747,0.336984682622,0.378056162557,0.465956082005,0.0187351070676,0.0202201183906,0.0206230555881,0.0213847262841,841.5,1758,2061,2307.01
score_bo_l40_rm002_erp005__signal_3d_confirm__ma50,comparison,True,B260,score_bo_l40_rm002_erp005__signal_3d_confirm__ma50,2,20260728,20,5000,2332,a20988da73bd1a04c843855e91b3a958683e1f2cc5ec7a90bdb8ef62156e595f,a20988da73bd1a04c843855e91b3a958683e1f2cc5ec7a90bdb8ef62156e595f,,0.8892,0.8892,0.032,0.9998,0.924,0.6732,0.2122,0.039,0.0164,0.0006,-0.0457033749159,863.422526931,1202.56799867,1530.76805419,1954.54763825,2834.90542499,-0.0157069126334,0.0200850375577,0.0469706810359,0.0749216595213,0.118888501178,0.229567808,0.286411753042,0.349184967593,0.386949374593,0.463559226124,0.198019771205,0.320207057225,0.362339544131,0.43722550857,0.0187182350185,0.0204460096611,0.0209039970361,0.0217361035657,846,1742,2043,2308.01
score_bo_l40_rm002_erp010__signal_3d_confirm__low20,comparison,True,B278,score_bo_l40_rm002_erp010__signal_3d_confirm__low20,2,20260728,20,5000,2332,a20988da73bd1a04c843855e91b3a958683e1f2cc5ec7a90bdb8ef62156e595f,a20988da73bd1a04c843855e91b3a958683e1f2cc5ec7a90bdb8ef62156e595f,,0.8496,0.8496,0.026,0.9998,0.9522,0.7536,0.2908,0.0752,0.0302,0.0012,-0.0596175005791,810.8244408,1131.15093172,1466.23634299,1893.31975311,2787.00136865,-0.0223538868063,0.0133743066907,0.0421205182274,0.0712397378235,0.116834673647,0.249444981098,0.312739003387,0.382431196159,0.423033565199,0.511409842614,0.218727025088,0.355139976472,0.399318312382,0.485666007199,0.0187069945144,0.020387026085,0.0208090045009,0.0217185881135,904,1847,2150.05,2318.01
score_bo_l40_rm002_erp010__signal_3d_confirm__low20_minus_0_5atr,comparison,True,B279,score_bo_l40_rm002_erp010__signal_3d_confirm__low20_minus_0_5atr,2,20260728,20,5000,2332,a20988da73bd1a04c843855e91b3a958683e1f2cc5ec7a90bdb8ef62156e595f,a20988da73bd1a04c843855e91b3a958683e1f2cc5ec7a90bdb8ef62156e595f,,0.8856,0.8856,0.028,0.9998,0.9406,0.719,0.2584,0.0624,0.0208,0.0008,-0.0451536120816,854.528573956,1206.23935361,1558.38519112,2001.12041329,2944.61341639,-0.0168050257399,0.0204203167764,0.0489908183631,0.077654016319,0.123477854845,0.242101365215,0.303107618236,0.369841192804,0.414101821366,0.505049662529,0.20982225023,0.341651272082,0.388097803198,0.478343047438,0.0186519881941,0.020155479089,0.0205826243149,0.0213867898685,837,1737.2,2041.05,2308
score_bo_l40_rm002_erp010__signal_3d_confirm__ma50,comparison,True,B280,score_bo_l40_rm002_erp010__signal_3d_confirm__ma50,2,20260728,20,5000,2332,a20988da73bd1a04c843855e91b3a958683e1f2cc5ec7a90bdb8ef62156e595f,a20988da73bd1a04c843855e91b3a958683e1f2cc5ec7a90bdb8ef62156e595f,,0.8874,0.8874,0.032,0.9998,0.9248,0.6804,0.2194,0.0412,0.0166,0.0006,-0.0458606418788,858.323772861,1200.18100861,1526.1553277,1955.28730622,2843.38113134,-0.016335199501,0.0198665588825,0.0466301053914,0.074965507193,0.119248657543,0.231553908097,0.289746437851,0.353251611201,0.392281047843,0.466013359627,0.200187549948,0.324098729291,0.364150520056,0.445540820052,0.0188391193307,0.0205781049013,0.0210612824457,0.0219241545753,849,1742.1,2043,2308.01
score_bo_l40_rm002_erp015__signal_3d_confirm__low20,comparison,True,B298,score_bo_l40_rm002_erp015__signal_3d_confirm__low20,2,20260728,20,5000,2332,a20988da73bd1a04c843855e91b3a958683e1f2cc5ec7a90bdb8ef62156e595f,a20988da73bd1a04c843855e91b3a958683e1f2cc5ec7a90bdb8ef62156e595f,,0.9202,0.9202,0.0944,0.9998,0.9336,0.6862,0.212,0.0418,0.013,0.0004,-0.0264538707725,920.806553115,1317.46190942,1785.74885551,2442.22410487,4036.75764116,-0.00885520624075,0.0301692867189,0.064505699682,0.101047307929,0.162343640848,0.2323845517,0.288155661858,0.349242652371,0.388950519071,0.468087642042,0.200388640341,0.321678074858,0.363030615586,0.44348806288,0.0188329295903,0.0205655254594,0.0210660554228,0.0220612334702,808,1648,1944.05,2283.04
score_bo_l40_rm002_erp015__signal_3d_confirm__low20_minus_0_5atr,comparison,True,B299,score_bo_l40_rm002_erp015__signal_3d_confirm__low20_minus_0_5atr,2,20260728,20,5000,2332,a20988da73bd1a04c843855e91b3a958683e1f2cc5ec7a90bdb8ef62156e595f,a20988da73bd1a04c843855e91b3a958683e1f2cc5ec7a90bdb8ef62156e595f,,0.9412,0.9412,0.0982,0.9998,0.9146,0.6378,0.1794,0.0306,0.0092,0,-0.00765427502529,975.951012783,1398.25475834,1873.48052224,2540.65098506,4128.01103568,-0.00262089216948,0.03680054745,0.0700239066673,0.105747313105,0.165148156536,0.223290987026,0.277400419335,0.33874891613,0.376673097885,0.453874591303,0.191346391849,0.308331142892,0.3490019588,0.428649472088,0.0187889100585,0.0204430879133,0.0208958207038,0.0217807730861,749.5,1520.2,1827.05,2259.01
score_bo_l40_rm002_erp015__signal_3d_confirm__ma50,comparison,True,B300,score_bo_l40_rm002_erp015__signal_3d_confirm__ma50,2,20260728,20,5000,2332,a20988da73bd1a04c843855e91b3a958683e1f2cc5ec7a90bdb8ef62156e595f,a20988da73bd1a04c843855e91b3a958683e1f2cc5ec7a90bdb8ef62156e595f,,0.9184,0.9184,0.0888,0.9998,0.9312,0.6608,0.1938,0.0334,0.0116,0.0004,-0.0281956623152,916.835246203,1304.30702434,1752.14015826,2381.61767251,3935.60253606,-0.00931693510796,0.0290553851853,0.0623274852443,0.098068495751,0.159167916494,0.228406639379,0.281658425253,0.344940449151,0.382346651036,0.454473977166,0.195158209968,0.316088253302,0.355711633486,0.432537347548,0.0192141405483,0.021063121387,0.0215540839207,0.0224603210043,815.5,1649.1,1955,2295
score_bo_l40_rp000_erp005__signal_3d_confirm__low20,comparison,True,B258,score_bo_l40_rm002_erp005__signal_3d_confirm__low20,2,20260728,20,5000,2332,a20988da73bd1a04c843855e91b3a958683e1f2cc5ec7a90bdb8ef62156e595f,a20988da73bd1a04c843855e91b3a958683e1f2cc5ec7a90bdb8ef62156e595f,,0.842,0.842,0.0216,0.9998,0.9536,0.7502,0.2828,0.07,0.0316,0.0018,-0.0627785323859,804.453189571,1120.32247895,1448.19563664,1853.93272123,2728.90796639,-0.0231849876417,0.012323979804,0.0407305329556,0.0688146484765,0.11430129724,0.247997175081,0.31101720108,0.377790283582,0.418011466713,0.503694076623,0.218461332824,0.353295779341,0.393391640445,0.480969265438,0.0187151551002,0.0202524241472,0.0206921741899,0.0215073548433,916.5,1878.3,2170,2318.01
score_bo_l40_rp000_erp005__signal_3d_confirm__low20_minus_0_5atr,comparison,True,B259,score_bo_l40_rm002_erp005__signal_3d_confirm__low20_minus_0_5atr,2,20260728,20,5000,2332,a20988da73bd1a04c843855e91b3a958683e1f2cc5ec7a90bdb8ef62156e595f,a20988da73bd1a04c843855e91b3a958683e1f2cc5ec7a90bdb8ef62156e595f,,0.8842,0.8842,0.0222,0.9996,0.9408,0.7132,0.2496,0.0548,0.0202,0.001,-0.0461717501967,857.251143355,1198.58087854,1537.38162089,1969.69530621,2871.31860506,-0.016467796826,0.0197198835256,0.0474573937835,0.0758166670758,0.120429059513,0.238980155146,0.299843128781,0.365292762812,0.406341592237,0.493965804513,0.207261516747,0.336984682622,0.378056162557,0.465956082005,0.0187351070676,0.0202201183906,0.0206230555881,0.0213847262841,841.5,1758,2061,2307.01
score_bo_l40_rp000_erp005__signal_3d_confirm__ma50,comparison,True,B260,score_bo_l40_rm002_erp005__signal_3d_confirm__ma50,2,20260728,20,5000,2332,a20988da73bd1a04c843855e91b3a958683e1f2cc5ec7a90bdb8ef62156e595f,a20988da73bd1a04c843855e91b3a958683e1f2cc5ec7a90bdb8ef62156e595f,,0.8892,0.8892,0.032,0.9998,0.924,0.6732,0.2122,0.039,0.0164,0.0006,-0.0457033749159,863.422526931,1202.56799867,1530.76805419,1954.54763825,2834.90542499,-0.0157069126334,0.0200850375577,0.0469706810359,0.0749216595213,0.118888501178,0.229567808,0.286411753042,0.349184967593,0.386949374593,0.463559226124,0.198019771205,0.320207057225,0.362339544131,0.43722550857,0.0187182350185,0.0204460096611,0.0209039970361,0.0217361035657,846,1742,2043,2308.01
score_bo_l40_rp000_erp010__signal_3d_confirm__low20,comparison,True,B278,score_bo_l40_rm002_erp010__signal_3d_confirm__low20,2,20260728,20,5000,2332,a20988da73bd1a04c843855e91b3a958683e1f2cc5ec7a90bdb8ef62156e595f,a20988da73bd1a04c843855e91b3a958683e1f2cc5ec7a90bdb8ef62156e595f,,0.8496,0.8496,0.026,0.9998,0.9522,0.7536,0.2908,0.0752,0.0302,0.0012,-0.0596175005791,810.8244408,1131.15093172,1466.23634299,1893.31975311,2787.00136865,-0.0223538868063,0.0133743066907,0.0421205182274,0.0712397378235,0.116834673647,0.249444981098,0.312739003387,0.382431196159,0.423033565199,0.511409842614,0.218727025088,0.355139976472,0.399318312382,0.485666007199,0.0187069945144,0.020387026085,0.0208090045009,0.0217185881135,904,1847,2150.05,2318.01
score_bo_l40_rp000_erp010__signal_3d_confirm__low20_minus_0_5atr,comparison,True,B279,score_bo_l40_rm002_erp010__signal_3d_confirm__low20_minus_0_5atr,2,20260728,20,5000,2332,a20988da73bd1a04c843855e91b3a958683e1f2cc5ec7a90bdb8ef62156e595f,a20988da73bd1a04c843855e91b3a958683e1f2cc5ec7a90bdb8ef62156e595f,,0.8856,0.8856,0.028,0.9998,0.9406,0.719,0.2584,0.0624,0.0208,0.0008,-0.0451536120816,854.528573956,1206.23935361,1558.38519112,2001.12041329,2944.61341639,-0.0168050257399,0.0204203167764,0.0489908183631,0.077654016319,0.123477854845,0.242101365215,0.303107618236,0.369841192804,0.414101821366,0.505049662529,0.20982225023,0.341651272082,0.388097803198,0.478343047438,0.0186519881941,0.020155479089,0.0205826243149,0.0213867898685,837,1737.2,2041.05,2308
score_bo_l40_rp000_erp010__signal_3d_confirm__ma50,comparison,True,B280,score_bo_l40_rm002_erp010__signal_3d_confirm__ma50,2,20260728,20,5000,2332,a20988da73bd1a04c843855e91b3a958683e1f2cc5ec7a90bdb8ef62156e595f,a20988da73bd1a04c843855e91b3a958683e1f2cc5ec7a90bdb8ef62156e595f,,0.8874,0.8874,0.032,0.9998,0.9248,0.6804,0.2194,0.0412,0.0166,0.0006,-0.0458606418788,858.323772861,1200.18100861,1526.1553277,1955.28730622,2843.38113134,-0.016335199501,0.0198665588825,0.0466301053914,0.074965507193,0.119248657543,0.231553908097,0.289746437851,0.353251611201,0.392281047843,0.466013359627,0.200187549948,0.324098729291,0.364150520056,0.445540820052,0.0188391193307,0.0205781049013,0.0210612824457,0.0219241545753,849,1742.1,2043,2308.01
score_bo_l40_rp000_erp015__signal_3d_confirm__low20,comparison,True,B298,score_bo_l40_rm002_erp015__signal_3d_confirm__low20,2,20260728,20,5000,2332,a20988da73bd1a04c843855e91b3a958683e1f2cc5ec7a90bdb8ef62156e595f,a20988da73bd1a04c843855e91b3a958683e1f2cc5ec7a90bdb8ef62156e595f,,0.9202,0.9202,0.0944,0.9998,0.9336,0.6862,0.212,0.0418,0.013,0.0004,-0.0264538707725,920.806553115,1317.46190942,1785.74885551,2442.22410487,4036.75764116,-0.00885520624075,0.0301692867189,0.064505699682,0.101047307929,0.162343640848,0.2323845517,0.288155661858,0.349242652371,0.388950519071,0.468087642042,0.200388640341,0.321678074858,0.363030615586,0.44348806288,0.0188329295903,0.0205655254594,0.0210660554228,0.0220612334702,808,1648,1944.05,2283.04
score_bo_l40_rp000_erp015__signal_3d_confirm__low20_minus_0_5atr,comparison,True,B299,score_bo_l40_rm002_erp015__signal_3d_confirm__low20_minus_0_5atr,2,20260728,20,5000,2332,a20988da73bd1a04c843855e91b3a958683e1f2cc5ec7a90bdb8ef62156e595f,a20988da73bd1a04c843855e91b3a958683e1f2cc5ec7a90bdb8ef62156e595f,,0.9412,0.9412,0.0982,0.9998,0.9146,0.6378,0.1794,0.0306,0.0092,0,-0.00765427502529,975.951012783,1398.25475834,1873.48052224,2540.65098506,4128.01103568,-0.00262089216948,0.03680054745,0.0700239066673,0.105747313105,0.165148156536,0.223290987026,0.277400419335,0.33874891613,0.376673097885,0.453874591303,0.191346391849,0.308331142892,0.3490019588,0.428649472088,0.0187889100585,0.0204430879133,0.0208958207038,0.0217807730861,749.5,1520.2,1827.05,2259.01
score_bo_l40_rp000_erp015__signal_3d_confirm__ma50,comparison,True,B300,score_bo_l40_rm002_erp015__signal_3d_confirm__ma50,2,20260728,20,5000,2332,a20988da73bd1a04c843855e91b3a958683e1f2cc5ec7a90bdb8ef62156e595f,a20988da73bd1a04c843855e91b3a958683e1f2cc5ec7a90bdb8ef62156e595f,,0.9184,0.9184,0.0888,0.9998,0.9312,0.6608,0.1938,0.0334,0.0116,0.0004,-0.0281956623152,916.835246203,1304.30702434,1752.14015826,2381.61767251,3935.60253606,-0.00931693510796,0.0290553851853,0.0623274852443,0.098068495751,0.159167916494,0.228406639379,0.281658425253,0.344940449151,0.382346651036,0.454473977166,0.195158209968,0.316088253302,0.355711633486,0.432537347548,0.0192141405483,0.021063121387,0.0215540839207,0.0224603210043,815.5,1649.1,1955,2295
score_bo_l40_rp002_erp005__signal_3d_confirm__low20,comparison,True,B318,score_bo_l40_rp002_erp005__signal_3d_confirm__low20,1,20260728,20,5000,2332,a20988da73bd1a04c843855e91b3a958683e1f2cc5ec7a90bdb8ef62156e595f,a20988da73bd1a04c843855e91b3a958683e1f2cc5ec7a90bdb8ef62156e595f,,0.8744,0.8744,0.0606,1,0.9966,0.94,0.553,0.2062,0.0348,0.0042,-0.0496476415329,799.421289105,1242.56294212,1701.14167611,2362.62519705,3716.33344649,-0.0238455369562,0.0236893384192,0.0589499414683,0.0971210895967,0.152026138785,0.311804954569,0.38337853154,0.45570662765,0.505637560883,0.601338757785,0.270470665879,0.423508198745,0.473890357664,0.573141695598,0.025837433479,0.0278296684336,0.0283768065829,0.0292547159771,859.5,1780,2100,2311
score_bo_l40_rp002_erp005__signal_3d_confirm__low20_minus_0_5atr,comparison,True,B319,score_bo_l40_rp002_erp005__signal_3d_confirm__low20_minus_0_5atr,1,20260728,20,5000,2332,a20988da73bd1a04c843855e91b3a958683e1f2cc5ec7a90bdb8ef62156e595f,a20988da73bd1a04c843855e91b3a958683e1f2cc5ec7a90bdb8ef62156e595f,,0.9294,0.9294,0.0924,1,0.9948,0.8958,0.4324,0.13,0.0166,0.0018,-0.0184043592624,934.379757188,1441.98192377,1968.85655869,2670.58293408,4209.21109985,-0.00729040520024,0.0402482043068,0.0757672700516,0.111708955222,0.167597574013,0.285457906955,0.349775032063,0.42066460872,0.466135680067,0.554037141325,0.243328232275,0.384891852624,0.432255611433,0.526764887588,0.0250045969273,0.026947130387,0.0275341339471,0.0284613286661,741,1570.1,1853.05,2270.01
score_bo_l40_rp002_erp005__signal_3d_confirm__ma50,comparison,True,B320,score_bo_l40_rp002_erp005__signal_3d_confirm__ma50,1,20260728,20,5000,2332,a20988da73bd1a04c843855e91b3a958683e1f2cc5ec7a90bdb8ef62156e595f,a20988da73bd1a04c843855e91b3a958683e1f2cc5ec7a90bdb8ef62156e595f,,0.8944,0.8944,0.0568,1,0.9926,0.8878,0.4328,0.1308,0.025,0.0022,-0.0436271920533,853.499330852,1274.7298009,1689.39059958,2278.7968022,3507.73189107,-0.0169327626811,0.0265138387052,0.0581588979006,0.0928565391937,0.144873864642,0.284546940713,0.347117975046,0.420588785162,0.465207762242,0.544202875277,0.243111005394,0.384464579729,0.432388955567,0.514902780809,0.0247374911414,0.0266309876949,0.0271516826319,0.0281217304497,821,1701,2028,2310
score_bo_l40_rp002_erp010__signal_3d_confirm__low20,comparison,True,B338,score_bo_l40_rp002_erp010__signal_3d_confirm__low20,1,20260728,20,5000,2332,a20988da73bd1a04c843855e91b3a958683e1f2cc5ec7a90bdb8ef62156e595f,a20988da73bd1a04c843855e91b3a958683e1f2cc5ec7a90bdb8ef62156e595f,,0.9114,0.9114,0.0852,1,0.995,0.915,0.4872,0.1596,0.0236,0.002,-0.0331796544502,874.802855629,1357.98594394,1847.90016624,2566.34845674,4034.7083561,-0.0143164378974,0.0335393976373,0.0684391672726,0.10694761502,0.162280011497,0.296727802613,0.364840297645,0.436162062679,0.481747968413,0.575189988815,0.256741845734,0.399773418752,0.448539938719,0.547630543247,0.0252358581232,0.0271274747121,0.027630413692,0.0285591498227,798,1652.1,1953.05,2295.01
score_bo_l40_rp002_erp010__signal_3d_confirm__low20_minus_0_5atr,comparison,True,B339,score_bo_l40_rp002_erp010__signal_3d_confirm__low20_minus_0_5atr,1,20260728,20,5000,2332,a20988da73bd1a04c843855e91b3a958683e1f2cc5ec7a90bdb8ef62156e595f,a20988da73bd1a04c843855e91b3a958683e1f2cc5ec7a90bdb8ef62156e595f,,0.9422,0.9422,0.1088,1,0.9928,0.8792,0.4042,0.1108,0.0128,0.001,-0.00833345835576,970.655049553,1501.68208909,2047.18498988,2780.5581016,4377.87462751,-0.00320578892193,0.0448076355808,0.0803013069002,0.116556027642,0.172553460387,0.279075079142,0.341984156865,0.40843131295,0.455797648179,0.545194589985,0.237354821277,0.372879331158,0.42226506878,0.514119600388,0.0247680702653,0.0266222994847,0.0271924222966,0.0281210333002,709,1495.1,1776.1,2255.04
score_bo_l40_rp002_erp010__signal_3d_confirm__ma50,comparison,True,B340,score_bo_l40_rp002_erp010__signal_3d_confirm__ma50,1,20260728,20,5000,2332,a20988da73bd1a04c843855e91b3a958683e1f2cc5ec7a90bdb8ef62156e595f,a20988da73bd1a04c843855e91b3a958683e1f2cc5ec7a90bdb8ef62156e595f,,0.8952,0.8952,0.0572,1,0.9926,0.8874,0.4322,0.1314,0.0246,0.0022,-0.0439431499688,850.895642637,1275.74912362,1690.78085044,2276.94015745,3511.43073815,-0.017256507929,0.0266022988111,0.0582527407882,0.092760513227,0.145003952645,0.284717145522,0.34716795263,0.420154957046,0.464595100493,0.543721831624,0.242812472347,0.383985302533,0.432996777506,0.514283955295,0.0247388672059,0.0266467248247,0.0271585032374,0.0280936363197,821.5,1697.1,2028,2310
score_bo_l40_rp002_erp015__signal_3d_confirm__low20,comparison,True,B358,score_bo_l40_rp002_erp015__signal_3d_confirm__low20,1,20260728,20,5000,2332,a20988da73bd1a04c843855e91b3a958683e1f2cc5ec7a90bdb8ef62156e595f,a20988da73bd1a04c843855e91b3a958683e1f2cc5ec7a90bdb8ef62156e595f,,0.9296,0.9296,0.1612,1,0.9944,0.9114,0.4738,0.1498,0.019,0.0016,-0.0185790039586,926.618873557,1468.37548616,2077.41817836,3019.02379262,5332.78066574,-0.00818262419108,0.0422843191903,0.0820100366836,0.126504562744,0.197762398116,0.294253807726,0.358700134113,0.432201268271,0.473396173127,0.569756074715,0.25211374813,0.397041882229,0.441637961442,0.540621133138,0.0257189219403,0.0277771050792,0.0283230243044,0.0294509155902,772,1586.1,1888.05,2276.03
score_bo_l40_rp002_erp015__signal_3d_confirm__low20_minus_0_5atr,comparison,True,B359,score_bo_l40_rp002_erp015__signal_3d_confirm__low20_minus_0_5atr,1,20260728,20,5000,2332,a20988da73bd1a04c843855e91b3a958683e1f2cc5ec7a90bdb8ef62156e595f,a20988da73bd1a04c843855e91b3a958683e1f2cc5ec7a90bdb8ef62156e595f,,0.9646,0.9646,0.2056,1,0.9916,0.8636,0.3714,0.0942,0.0102,0.0008,0.017650929607,1061.08233008,1686.19676205,2369.83908043,3387.63950255,5916.9123997,0.00641228442963,0.0579430504114,0.097481738417,0.140582248123,0.211259602069,0.272672260841,0.33381583608,0.395313082341,0.441580380184,0.528697489824,0.23004976459,0.358808776687,0.406717563375,0.495273948839,0.0253102943535,0.027374123287,0.0279809848907,0.0289974531449,670,1405.2,1682.2,2181.08
score_bo_l40_rp002_erp015__signal_3d_confirm__ma50,comparison,True,B360,score_bo_l40_rp002_erp015__signal_3d_confirm__ma50,1,20260728,20,5000,2332,a20988da73bd1a04c843855e91b3a958683e1f2cc5ec7a90bdb8ef62156e595f,a20988da73bd1a04c843855e91b3a958683e1f2cc5ec7a90bdb8ef62156e595f,,0.9044,0.9044,0.1102,1,0.9942,0.9042,0.4566,0.1436,0.0244,0.002,-0.0407755174561,854.849209983,1318.868677,1847.34359956,2626.28551217,4481.46190068,-0.0167652592197,0.030287817944,0.0684044701569,0.10970611948,0.175513376215,0.289527671545,0.354836167376,0.429966237889,0.470906056738,0.549200665434,0.248443098452,0.392155115186,0.43840928061,0.521778264115,0.0253805818744,0.027424094414,0.0279941058761,0.0291693758649,821,1693.5,2033,2307
score_bo_l40_rm002_erp010__signal_3d_confirm__ma50,primary_detailed,False,B280,score_bo_l40_rm002_erp010__signal_3d_confirm__ma50,2,20260728,20,10000,2332,f4cb2fd36b736a8c6a10560aa1f90557564532ff4df1e6604c6087f36e250630,a20988da73bd1a04c843855e91b3a958683e1f2cc5ec7a90bdb8ef62156e595f,c09fb6d3843bbfe145ffe4438ca842af9a3020728cba5e9f1a8f98aa80640439,0.882,0.882,0.0311,0.9997,0.9302,0.6866,0.2255,0.0446,0.02,0.0009,-0.0475683651491,855.42282157,1192.5427311,1514.33565785,1943.56632044,2816.09211267,-0.0166941536175,0.0191648206344,0.0457532019793,0.0742689462617,0.118085623245,0.233441053702,0.292129899635,0.35560978756,0.39355058492,0.476771512913,0.202016062536,0.32827533057,0.368187115577,0.454092655014,0.0188749140787,0.0205687597141,0.0210221996933,0.021912674524,855,1750.1,2044,2301.02
