signal_key,signal_label,entry_key,entry_label,signal_params,description,signals,avg_fwd_1d,median_fwd_1d,win_rate_1d,avg_fwd_3d,median_fwd_3d,win_rate_3d,avg_fwd_5d,median_fwd_5d,win_rate_5d,avg_fwd_10d,median_fwd_10d,win_rate_10d,avg_fwd_20d,median_fwd_20d,win_rate_20d,avg_mfe_20d,median_mfe_20d,avg_mae_20d,median_mae_20d
score_bo_l10_rm002_erp005,Score BO L10 R20>=-0.02 ER20>=0.05,first_signal,First signal,"{""close_filter"": ""close > ma50"", ""er20_min"": 0.05, ""family"": ""score_breakout"", ""r20_min"": -0.02, ""score_lookback"": 10}","Signal: Score breakout signal. Score가 직전 lookback 거래일 고점을 돌파하고, R20/ER20 최소 조건과 close > MA50 조건을 만족할 때 TRUE입니다. Score는 0.65*TE63 + 0.35*TE126이며, TE는 return과 efficiency ratio를 곱한 trend-energy 지표입니다. Entry: Signal이 FALSE에서 TRUE로 처음 바뀐 날을 확인하고 다음 거래일 open에 진입합니다.",3194,0.00039122936082830543,0.0003015042566881787,0.5297432686286788,0.0016675740916183696,0.0007806244394796824,0.5594603074992156,0.0025810518420553586,0.001603308685678817,0.6009433962264151,0.005625564457500669,0.0018381645056764206,0.5727938834023575,0.021807205347571613,0.009566025235032027,0.6883220406536469,0.0358156740979733,0.02295592836722815,-0.022119896681780393,-0.014181274509122987
score_bo_l10_rm002_erp005,Score BO L10 R20>=-0.02 ER20>=0.05,signal_2d_confirm,Signal 2D confirm,"{""close_filter"": ""close > ma50"", ""er20_min"": 0.05, ""family"": ""score_breakout"", ""r20_min"": -0.02, ""score_lookback"": 10}","Signal: Score breakout signal. Score가 직전 lookback 거래일 고점을 돌파하고, R20/ER20 최소 조건과 close > MA50 조건을 만족할 때 TRUE입니다. Score는 0.65*TE63 + 0.35*TE126이며, TE는 return과 efficiency ratio를 곱한 trend-energy 지표입니다. Entry: Signal TRUE가 2거래일 연속 유지된 날을 확인하고 다음 거래일 open에 진입합니다.",1590,-0.0016802800918194513,-0.0015133562217716778,0.3352201257861635,0.002104951720141837,0.001990147515522178,0.6003787878787878,0.0010390967415727505,0.0017202081064279229,0.5707964601769911,0.003570947732162453,0.001370746850251403,0.555766793409379,0.01916846431123161,0.008565299288408768,0.6430793157076206,0.03770386535748602,0.024768455833806158,-0.024309489611539482,-0.015043070758782084
score_bo_l10_rm002_erp005,Score BO L10 R20>=-0.02 ER20>=0.05,signal_3d_confirm,Signal 3D confirm,"{""close_filter"": ""close > ma50"", ""er20_min"": 0.05, ""family"": ""score_breakout"", ""r20_min"": -0.02, ""score_lookback"": 10}","Signal: Score breakout signal. Score가 직전 lookback 거래일 고점을 돌파하고, R20/ER20 최소 조건과 close > MA50 조건을 만족할 때 TRUE입니다. Score는 0.65*TE63 + 0.35*TE126이며, TE는 return과 efficiency ratio를 곱한 trend-energy 지표입니다. Entry: Signal TRUE가 3거래일 연속 유지된 날을 확인하고 다음 거래일 open에 진입합니다.",532,0.0008607109259586434,0.0003872444998278546,0.5263157894736842,0.0003042685101600177,0.0010144660318478493,0.5461393596986818,0.0037880139781307593,0.003716523577102393,0.6195856873822976,0.006581973466080137,0.005394631955280893,0.6528301886792452,0.020905221670625116,0.006919350409140046,0.6420824295010846,0.046930274336998444,0.03336420367745274,-0.025869018138238213,-0.013631221108270974
score_bo_l10_rm002_erp005,Score BO L10 R20>=-0.02 ER20>=0.05,breakout_5d_after_signal,5D breakout after signal,"{""close_filter"": ""close > ma50"", ""er20_min"": 0.05, ""family"": ""score_breakout"", ""r20_min"": -0.02, ""score_lookback"": 10}","Signal: Score breakout signal. Score가 직전 lookback 거래일 고점을 돌파하고, R20/ER20 최소 조건과 close > MA50 조건을 만족할 때 TRUE입니다. Score는 0.65*TE63 + 0.35*TE126이며, TE는 return과 efficiency ratio를 곱한 trend-energy 지표입니다. Entry: 첫 signal 이후 5거래일 안에 종가가 직전 5일 고점을 돌파하면 다음 거래일 open에 진입합니다.",1365,-0.0007758477446954005,-0.0005847318883479558,0.41318681318681316,0.0015854825659916314,0.001323233908287702,0.5933823529411765,0.001970972783829718,0.001527699553835582,0.5868924889543446,0.004686704772880777,0.0012683208684380887,0.5442379182156134,0.02440953778857455,0.012187043241489226,0.6832191780821918,0.040602859060634114,0.025691636578752286,-0.02504707251771084,-0.015141361377864038
score_bo_l10_rm002_erp010,Score BO L10 R20>=-0.02 ER20>=0.10,first_signal,First signal,"{""close_filter"": ""close > ma50"", ""er20_min"": 0.1, ""family"": ""score_breakout"", ""r20_min"": -0.02, ""score_lookback"": 10}","Signal: Score breakout signal. Score가 직전 lookback 거래일 고점을 돌파하고, R20/ER20 최소 조건과 close > MA50 조건을 만족할 때 TRUE입니다. Score는 0.65*TE63 + 0.35*TE126이며, TE는 return과 efficiency ratio를 곱한 trend-energy 지표입니다. Entry: Signal이 FALSE에서 TRUE로 처음 바뀐 날을 확인하고 다음 거래일 open에 진입합니다.",2938,0.0005143038258973152,0.00038544196444756373,0.5364193328795098,0.001718717937962942,0.0007207679224296992,0.5557830092118731,0.0027563171214850008,0.0016710880614989598,0.6071794871794872,0.005689383712365742,0.0016036420270825191,0.5675675675675675,0.02239612485960934,0.010673257770909217,0.6943493150684932,0.036575453709059624,0.023410293910562374,-0.022378036595573615,-0.014306095845158961
score_bo_l10_rm002_erp010,Score BO L10 R20>=-0.02 ER20>=0.10,signal_2d_confirm,Signal 2D confirm,"{""close_filter"": ""close > ma50"", ""er20_min"": 0.1, ""family"": ""score_breakout"", ""r20_min"": -0.02, ""score_lookback"": 10}","Signal: Score breakout signal. Score가 직전 lookback 거래일 고점을 돌파하고, R20/ER20 최소 조건과 close > MA50 조건을 만족할 때 TRUE입니다. Score는 0.65*TE63 + 0.35*TE126이며, TE는 return과 efficiency ratio를 곱한 trend-energy 지표입니다. Entry: Signal TRUE가 2거래일 연속 유지된 날을 확인하고 다음 거래일 open에 진입합니다.",1451,-0.0015677297342849713,-0.0013519912538741963,0.34734665747760163,0.0018631359776453528,0.0021154687838386144,0.6009681881051175,0.0009052263699366915,0.0017232226407670748,0.5688581314878892,0.0033936077450858206,0.0012798321886895447,0.5464632454923717,0.02014814337337498,0.009475568551445601,0.6485355648535565,0.03879965178997653,0.025251990808828007,-0.025166166131955617,-0.01617335361130645
score_bo_l10_rm002_erp010,Score BO L10 R20>=-0.02 ER20>=0.10,signal_3d_confirm,Signal 3D confirm,"{""close_filter"": ""close > ma50"", ""er20_min"": 0.1, ""family"": ""score_breakout"", ""r20_min"": -0.02, ""score_lookback"": 10}","Signal: Score breakout signal. Score가 직전 lookback 거래일 고점을 돌파하고, R20/ER20 최소 조건과 close > MA50 조건을 만족할 때 TRUE입니다. Score는 0.65*TE63 + 0.35*TE126이며, TE는 return과 efficiency ratio를 곱한 trend-energy 지표입니다. Entry: Signal TRUE가 3거래일 연속 유지된 날을 확인하고 다음 거래일 open에 진입합니다.",507,0.0003595394261568295,0.00018802775238002667,0.5187376725838264,-1.7440432082612652e-05,0.0010215781156225345,0.5474308300395256,0.002220971427691662,0.0023897491766593504,0.6027667984189723,0.005286356054602612,0.004409862274937559,0.6383399209486166,0.01928809459894949,0.006425755183716575,0.6402714932126696,0.046750989408045514,0.033648641736916174,-0.026375891679776775,-0.014147802401034304
score_bo_l10_rm002_erp010,Score BO L10 R20>=-0.02 ER20>=0.10,breakout_5d_after_signal,5D breakout after signal,"{""close_filter"": ""close > ma50"", ""er20_min"": 0.1, ""family"": ""score_breakout"", ""r20_min"": -0.02, ""score_lookback"": 10}","Signal: Score breakout signal. Score가 직전 lookback 거래일 고점을 돌파하고, R20/ER20 최소 조건과 close > MA50 조건을 만족할 때 TRUE입니다. Score는 0.65*TE63 + 0.35*TE126이며, TE는 return과 efficiency ratio를 곱한 trend-energy 지표입니다. Entry: 첫 signal 이후 5거래일 안에 종가가 직전 5일 고점을 돌파하면 다음 거래일 open에 진입합니다.",1275,-0.0007981507011917261,-0.0005263352961228929,0.41411764705882353,0.0017484728081255617,0.0016013481959462617,0.6045597484276729,0.0017880617086220682,0.0016681499372772635,0.5913385826771653,0.004680889314779273,0.0012843087997437275,0.5468998410174881,0.02542420145520492,0.014206615077946183,0.6830601092896175,0.04194571122006794,0.02711737804250025,-0.025613405082631914,-0.01543052002188372
score_bo_l10_rm002_erp015,Score BO L10 R20>=-0.02 ER20>=0.15,first_signal,First signal,"{""close_filter"": ""close > ma50"", ""er20_min"": 0.15, ""family"": ""score_breakout"", ""r20_min"": -0.02, ""score_lookback"": 10}","Signal: Score breakout signal. Score가 직전 lookback 거래일 고점을 돌파하고, R20/ER20 최소 조건과 close > MA50 조건을 만족할 때 TRUE입니다. Score는 0.65*TE63 + 0.35*TE126이며, TE는 return과 efficiency ratio를 곱한 trend-energy 지표입니다. Entry: Signal이 FALSE에서 TRUE로 처음 바뀐 날을 확인하고 다음 거래일 open에 진입합니다.",2580,0.000613857567327658,0.00038300941027780144,0.5341085271317829,0.0017196923773629062,0.00040129329258498103,0.5421359223300971,0.0028999212751233514,0.0017852194089909013,0.6114352392065344,0.006044781794756914,0.0017094565005466578,0.5734541157936195,0.023038995322490916,0.011071225293429077,0.6990430622009569,0.038438263877881,0.02564233454299869,-0.023269331596815067,-0.015345891755222052
score_bo_l10_rm002_erp015,Score BO L10 R20>=-0.02 ER20>=0.15,signal_2d_confirm,Signal 2D confirm,"{""close_filter"": ""close > ma50"", ""er20_min"": 0.15, ""family"": ""score_breakout"", ""r20_min"": -0.02, ""score_lookback"": 10}","Signal: Score breakout signal. Score가 직전 lookback 거래일 고점을 돌파하고, R20/ER20 최소 조건과 close > MA50 조건을 만족할 때 TRUE입니다. Score는 0.65*TE63 + 0.35*TE126이며, TE는 return과 efficiency ratio를 곱한 trend-energy 지표입니다. Entry: Signal TRUE가 2거래일 연속 유지된 날을 확인하고 다음 거래일 open에 진입합니다.",1268,-0.0012682956609603247,-0.0009849741739996754,0.3801261829652997,0.0019876140029644576,0.002229413264182245,0.6050552922590837,0.0010858879515860185,0.0020027269924649538,0.5826086956521739,0.0034426158751405295,0.001368467209595381,0.5499207606973059,0.021557188368421475,0.011627264116179759,0.6591337099811676,0.040704308112238706,0.026614017543797663,-0.026045428698452153,-0.016796699243185054
score_bo_l10_rm002_erp015,Score BO L10 R20>=-0.02 ER20>=0.15,signal_3d_confirm,Signal 3D confirm,"{""close_filter"": ""close > ma50"", ""er20_min"": 0.15, ""family"": ""score_breakout"", ""r20_min"": -0.02, ""score_lookback"": 10}","Signal: Score breakout signal. Score가 직전 lookback 거래일 고점을 돌파하고, R20/ER20 최소 조건과 close > MA50 조건을 만족할 때 TRUE입니다. Score는 0.65*TE63 + 0.35*TE126이며, TE는 return과 efficiency ratio를 곱한 trend-energy 지표입니다. Entry: Signal TRUE가 3거래일 연속 유지된 날을 확인하고 다음 거래일 open에 진입합니다.",476,-0.0003932892956467496,0.0,0.4894957983193277,-0.0005910680499802475,0.0011848832147054456,0.5557894736842105,0.00048680062624510966,0.001537156779990223,0.5789473684210527,0.003987523478950232,0.003994695903843493,0.6147368421052631,0.01875346654158585,0.005630181548682667,0.6363636363636364,0.04726850468256929,0.03353120196466153,-0.027628539091219314,-0.014724540573924638
score_bo_l10_rm002_erp015,Score BO L10 R20>=-0.02 ER20>=0.15,breakout_5d_after_signal,5D breakout after signal,"{""close_filter"": ""close > ma50"", ""er20_min"": 0.15, ""family"": ""score_breakout"", ""r20_min"": -0.02, ""score_lookback"": 10}","Signal: Score breakout signal. Score가 직전 lookback 거래일 고점을 돌파하고, R20/ER20 최소 조건과 close > MA50 조건을 만족할 때 TRUE입니다. Score는 0.65*TE63 + 0.35*TE126이며, TE는 return과 efficiency ratio를 곱한 trend-energy 지표입니다. Entry: 첫 signal 이후 5거래일 안에 종가가 직전 5일 고점을 돌파하면 다음 거래일 open에 진입합니다.",1158,-0.0006814965992504064,-0.0005280129789943522,0.4170984455958549,0.0022398665184859895,0.002148494771911036,0.6294372294372295,0.0018502228453788976,0.001830414886691667,0.601040763226366,0.005098833138578813,0.0015729474783714448,0.5626643295354952,0.02706837508761402,0.015603410592015532,0.7006937561942518,0.044122799758533365,0.02856280955729762,-0.026258044839698798,-0.015300096653379947
score_bo_l10_rp000_erp005,Score BO L10 R20>=0.00 ER20>=0.05,first_signal,First signal,"{""close_filter"": ""close > ma50"", ""er20_min"": 0.05, ""family"": ""score_breakout"", ""r20_min"": 0.0, ""score_lookback"": 10}","Signal: Score breakout signal. Score가 직전 lookback 거래일 고점을 돌파하고, R20/ER20 최소 조건과 close > MA50 조건을 만족할 때 TRUE입니다. Score는 0.65*TE63 + 0.35*TE126이며, TE는 return과 efficiency ratio를 곱한 trend-energy 지표입니다. Entry: Signal이 FALSE에서 TRUE로 처음 바뀐 날을 확인하고 다음 거래일 open에 진입합니다.",3194,0.00039122936082830543,0.0003015042566881787,0.5297432686286788,0.0016675740916183696,0.0007806244394796824,0.5594603074992156,0.0025810518420553586,0.001603308685678817,0.6009433962264151,0.005625564457500669,0.0018381645056764206,0.5727938834023575,0.021807205347571613,0.009566025235032027,0.6883220406536469,0.0358156740979733,0.02295592836722815,-0.022119896681780393,-0.014181274509122987
score_bo_l10_rp000_erp005,Score BO L10 R20>=0.00 ER20>=0.05,signal_2d_confirm,Signal 2D confirm,"{""close_filter"": ""close > ma50"", ""er20_min"": 0.05, ""family"": ""score_breakout"", ""r20_min"": 0.0, ""score_lookback"": 10}","Signal: Score breakout signal. Score가 직전 lookback 거래일 고점을 돌파하고, R20/ER20 최소 조건과 close > MA50 조건을 만족할 때 TRUE입니다. Score는 0.65*TE63 + 0.35*TE126이며, TE는 return과 efficiency ratio를 곱한 trend-energy 지표입니다. Entry: Signal TRUE가 2거래일 연속 유지된 날을 확인하고 다음 거래일 open에 진입합니다.",1590,-0.0016802800918194513,-0.0015133562217716778,0.3352201257861635,0.002104951720141837,0.001990147515522178,0.6003787878787878,0.0010390967415727505,0.0017202081064279229,0.5707964601769911,0.003570947732162453,0.001370746850251403,0.555766793409379,0.01916846431123161,0.008565299288408768,0.6430793157076206,0.03770386535748602,0.024768455833806158,-0.024309489611539482,-0.015043070758782084
score_bo_l10_rp000_erp005,Score BO L10 R20>=0.00 ER20>=0.05,signal_3d_confirm,Signal 3D confirm,"{""close_filter"": ""close > ma50"", ""er20_min"": 0.05, ""family"": ""score_breakout"", ""r20_min"": 0.0, ""score_lookback"": 10}","Signal: Score breakout signal. Score가 직전 lookback 거래일 고점을 돌파하고, R20/ER20 최소 조건과 close > MA50 조건을 만족할 때 TRUE입니다. Score는 0.65*TE63 + 0.35*TE126이며, TE는 return과 efficiency ratio를 곱한 trend-energy 지표입니다. Entry: Signal TRUE가 3거래일 연속 유지된 날을 확인하고 다음 거래일 open에 진입합니다.",532,0.0008607109259586434,0.0003872444998278546,0.5263157894736842,0.0003042685101600177,0.0010144660318478493,0.5461393596986818,0.0037880139781307593,0.003716523577102393,0.6195856873822976,0.006581973466080137,0.005394631955280893,0.6528301886792452,0.020905221670625116,0.006919350409140046,0.6420824295010846,0.046930274336998444,0.03336420367745274,-0.025869018138238213,-0.013631221108270974
score_bo_l10_rp000_erp005,Score BO L10 R20>=0.00 ER20>=0.05,breakout_5d_after_signal,5D breakout after signal,"{""close_filter"": ""close > ma50"", ""er20_min"": 0.05, ""family"": ""score_breakout"", ""r20_min"": 0.0, ""score_lookback"": 10}","Signal: Score breakout signal. Score가 직전 lookback 거래일 고점을 돌파하고, R20/ER20 최소 조건과 close > MA50 조건을 만족할 때 TRUE입니다. Score는 0.65*TE63 + 0.35*TE126이며, TE는 return과 efficiency ratio를 곱한 trend-energy 지표입니다. Entry: 첫 signal 이후 5거래일 안에 종가가 직전 5일 고점을 돌파하면 다음 거래일 open에 진입합니다.",1365,-0.0007758477446954005,-0.0005847318883479558,0.41318681318681316,0.0015854825659916314,0.001323233908287702,0.5933823529411765,0.001970972783829718,0.001527699553835582,0.5868924889543446,0.004686704772880777,0.0012683208684380887,0.5442379182156134,0.02440953778857455,0.012187043241489226,0.6832191780821918,0.040602859060634114,0.025691636578752286,-0.02504707251771084,-0.015141361377864038
score_bo_l10_rp000_erp010,Score BO L10 R20>=0.00 ER20>=0.10,first_signal,First signal,"{""close_filter"": ""close > ma50"", ""er20_min"": 0.1, ""family"": ""score_breakout"", ""r20_min"": 0.0, ""score_lookback"": 10}","Signal: Score breakout signal. Score가 직전 lookback 거래일 고점을 돌파하고, R20/ER20 최소 조건과 close > MA50 조건을 만족할 때 TRUE입니다. Score는 0.65*TE63 + 0.35*TE126이며, TE는 return과 efficiency ratio를 곱한 trend-energy 지표입니다. Entry: Signal이 FALSE에서 TRUE로 처음 바뀐 날을 확인하고 다음 거래일 open에 진입합니다.",2938,0.0005143038258973152,0.00038544196444756373,0.5364193328795098,0.001718717937962942,0.0007207679224296992,0.5557830092118731,0.0027563171214850008,0.0016710880614989598,0.6071794871794872,0.005689383712365742,0.0016036420270825191,0.5675675675675675,0.02239612485960934,0.010673257770909217,0.6943493150684932,0.036575453709059624,0.023410293910562374,-0.022378036595573615,-0.014306095845158961
score_bo_l10_rp000_erp010,Score BO L10 R20>=0.00 ER20>=0.10,signal_2d_confirm,Signal 2D confirm,"{""close_filter"": ""close > ma50"", ""er20_min"": 0.1, ""family"": ""score_breakout"", ""r20_min"": 0.0, ""score_lookback"": 10}","Signal: Score breakout signal. Score가 직전 lookback 거래일 고점을 돌파하고, R20/ER20 최소 조건과 close > MA50 조건을 만족할 때 TRUE입니다. Score는 0.65*TE63 + 0.35*TE126이며, TE는 return과 efficiency ratio를 곱한 trend-energy 지표입니다. Entry: Signal TRUE가 2거래일 연속 유지된 날을 확인하고 다음 거래일 open에 진입합니다.",1451,-0.0015677297342849713,-0.0013519912538741963,0.34734665747760163,0.0018631359776453528,0.0021154687838386144,0.6009681881051175,0.0009052263699366915,0.0017232226407670748,0.5688581314878892,0.0033936077450858206,0.0012798321886895447,0.5464632454923717,0.02014814337337498,0.009475568551445601,0.6485355648535565,0.03879965178997653,0.025251990808828007,-0.025166166131955617,-0.01617335361130645
score_bo_l10_rp000_erp010,Score BO L10 R20>=0.00 ER20>=0.10,signal_3d_confirm,Signal 3D confirm,"{""close_filter"": ""close > ma50"", ""er20_min"": 0.1, ""family"": ""score_breakout"", ""r20_min"": 0.0, ""score_lookback"": 10}","Signal: Score breakout signal. Score가 직전 lookback 거래일 고점을 돌파하고, R20/ER20 최소 조건과 close > MA50 조건을 만족할 때 TRUE입니다. Score는 0.65*TE63 + 0.35*TE126이며, TE는 return과 efficiency ratio를 곱한 trend-energy 지표입니다. Entry: Signal TRUE가 3거래일 연속 유지된 날을 확인하고 다음 거래일 open에 진입합니다.",507,0.0003595394261568295,0.00018802775238002667,0.5187376725838264,-1.7440432082612652e-05,0.0010215781156225345,0.5474308300395256,0.002220971427691662,0.0023897491766593504,0.6027667984189723,0.005286356054602612,0.004409862274937559,0.6383399209486166,0.01928809459894949,0.006425755183716575,0.6402714932126696,0.046750989408045514,0.033648641736916174,-0.026375891679776775,-0.014147802401034304
score_bo_l10_rp000_erp010,Score BO L10 R20>=0.00 ER20>=0.10,breakout_5d_after_signal,5D breakout after signal,"{""close_filter"": ""close > ma50"", ""er20_min"": 0.1, ""family"": ""score_breakout"", ""r20_min"": 0.0, ""score_lookback"": 10}","Signal: Score breakout signal. Score가 직전 lookback 거래일 고점을 돌파하고, R20/ER20 최소 조건과 close > MA50 조건을 만족할 때 TRUE입니다. Score는 0.65*TE63 + 0.35*TE126이며, TE는 return과 efficiency ratio를 곱한 trend-energy 지표입니다. Entry: 첫 signal 이후 5거래일 안에 종가가 직전 5일 고점을 돌파하면 다음 거래일 open에 진입합니다.",1275,-0.0007981507011917261,-0.0005263352961228929,0.41411764705882353,0.0017484728081255617,0.0016013481959462617,0.6045597484276729,0.0017880617086220682,0.0016681499372772635,0.5913385826771653,0.004680889314779273,0.0012843087997437275,0.5468998410174881,0.02542420145520492,0.014206615077946183,0.6830601092896175,0.04194571122006794,0.02711737804250025,-0.025613405082631914,-0.01543052002188372
score_bo_l10_rp000_erp015,Score BO L10 R20>=0.00 ER20>=0.15,first_signal,First signal,"{""close_filter"": ""close > ma50"", ""er20_min"": 0.15, ""family"": ""score_breakout"", ""r20_min"": 0.0, ""score_lookback"": 10}","Signal: Score breakout signal. Score가 직전 lookback 거래일 고점을 돌파하고, R20/ER20 최소 조건과 close > MA50 조건을 만족할 때 TRUE입니다. Score는 0.65*TE63 + 0.35*TE126이며, TE는 return과 efficiency ratio를 곱한 trend-energy 지표입니다. Entry: Signal이 FALSE에서 TRUE로 처음 바뀐 날을 확인하고 다음 거래일 open에 진입합니다.",2580,0.000613857567327658,0.00038300941027780144,0.5341085271317829,0.0017196923773629062,0.00040129329258498103,0.5421359223300971,0.0028999212751233514,0.0017852194089909013,0.6114352392065344,0.006044781794756914,0.0017094565005466578,0.5734541157936195,0.023038995322490916,0.011071225293429077,0.6990430622009569,0.038438263877881,0.02564233454299869,-0.023269331596815067,-0.015345891755222052
score_bo_l10_rp000_erp015,Score BO L10 R20>=0.00 ER20>=0.15,signal_2d_confirm,Signal 2D confirm,"{""close_filter"": ""close > ma50"", ""er20_min"": 0.15, ""family"": ""score_breakout"", ""r20_min"": 0.0, ""score_lookback"": 10}","Signal: Score breakout signal. Score가 직전 lookback 거래일 고점을 돌파하고, R20/ER20 최소 조건과 close > MA50 조건을 만족할 때 TRUE입니다. Score는 0.65*TE63 + 0.35*TE126이며, TE는 return과 efficiency ratio를 곱한 trend-energy 지표입니다. Entry: Signal TRUE가 2거래일 연속 유지된 날을 확인하고 다음 거래일 open에 진입합니다.",1268,-0.0012682956609603247,-0.0009849741739996754,0.3801261829652997,0.0019876140029644576,0.002229413264182245,0.6050552922590837,0.0010858879515860185,0.0020027269924649538,0.5826086956521739,0.0034426158751405295,0.001368467209595381,0.5499207606973059,0.021557188368421475,0.011627264116179759,0.6591337099811676,0.040704308112238706,0.026614017543797663,-0.026045428698452153,-0.016796699243185054
score_bo_l10_rp000_erp015,Score BO L10 R20>=0.00 ER20>=0.15,signal_3d_confirm,Signal 3D confirm,"{""close_filter"": ""close > ma50"", ""er20_min"": 0.15, ""family"": ""score_breakout"", ""r20_min"": 0.0, ""score_lookback"": 10}","Signal: Score breakout signal. Score가 직전 lookback 거래일 고점을 돌파하고, R20/ER20 최소 조건과 close > MA50 조건을 만족할 때 TRUE입니다. Score는 0.65*TE63 + 0.35*TE126이며, TE는 return과 efficiency ratio를 곱한 trend-energy 지표입니다. Entry: Signal TRUE가 3거래일 연속 유지된 날을 확인하고 다음 거래일 open에 진입합니다.",476,-0.0003932892956467496,0.0,0.4894957983193277,-0.0005910680499802475,0.0011848832147054456,0.5557894736842105,0.00048680062624510966,0.001537156779990223,0.5789473684210527,0.003987523478950232,0.003994695903843493,0.6147368421052631,0.01875346654158585,0.005630181548682667,0.6363636363636364,0.04726850468256929,0.03353120196466153,-0.027628539091219314,-0.014724540573924638
score_bo_l10_rp000_erp015,Score BO L10 R20>=0.00 ER20>=0.15,breakout_5d_after_signal,5D breakout after signal,"{""close_filter"": ""close > ma50"", ""er20_min"": 0.15, ""family"": ""score_breakout"", ""r20_min"": 0.0, ""score_lookback"": 10}","Signal: Score breakout signal. Score가 직전 lookback 거래일 고점을 돌파하고, R20/ER20 최소 조건과 close > MA50 조건을 만족할 때 TRUE입니다. Score는 0.65*TE63 + 0.35*TE126이며, TE는 return과 efficiency ratio를 곱한 trend-energy 지표입니다. Entry: 첫 signal 이후 5거래일 안에 종가가 직전 5일 고점을 돌파하면 다음 거래일 open에 진입합니다.",1158,-0.0006814965992504064,-0.0005280129789943522,0.4170984455958549,0.0022398665184859895,0.002148494771911036,0.6294372294372295,0.0018502228453788976,0.001830414886691667,0.601040763226366,0.005098833138578813,0.0015729474783714448,0.5626643295354952,0.02706837508761402,0.015603410592015532,0.7006937561942518,0.044122799758533365,0.02856280955729762,-0.026258044839698798,-0.015300096653379947
score_bo_l10_rp002_erp005,Score BO L10 R20>=0.02 ER20>=0.05,first_signal,First signal,"{""close_filter"": ""close > ma50"", ""er20_min"": 0.05, ""family"": ""score_breakout"", ""r20_min"": 0.02, ""score_lookback"": 10}","Signal: Score breakout signal. Score가 직전 lookback 거래일 고점을 돌파하고, R20/ER20 최소 조건과 close > MA50 조건을 만족할 때 TRUE입니다. Score는 0.65*TE63 + 0.35*TE126이며, TE는 return과 efficiency ratio를 곱한 trend-energy 지표입니다. Entry: Signal이 FALSE에서 TRUE로 처음 바뀐 날을 확인하고 다음 거래일 open에 진입합니다.",2237,0.0006835324635910754,0.0011251812174395415,0.5578900312919088,0.002172010925017795,0.0015328009937278786,0.5307037203047961,0.0032277348931757993,0.0035794312325225786,0.5995515695067265,0.007102980848777228,0.004619331227997736,0.5666969147005445,0.026482651953060002,0.018781726566055146,0.7010471204188482,0.0458801986441339,0.03354358243275768,-0.027716180860050104,-0.02165622978523174
score_bo_l10_rp002_erp005,Score BO L10 R20>=0.02 ER20>=0.05,signal_2d_confirm,Signal 2D confirm,"{""close_filter"": ""close > ma50"", ""er20_min"": 0.05, ""family"": ""score_breakout"", ""r20_min"": 0.02, ""score_lookback"": 10}","Signal: Score breakout signal. Score가 직전 lookback 거래일 고점을 돌파하고, R20/ER20 최소 조건과 close > MA50 조건을 만족할 때 TRUE입니다. Score는 0.65*TE63 + 0.35*TE126이며, TE는 return과 efficiency ratio를 곱한 trend-energy 지표입니다. Entry: Signal TRUE가 2거래일 연속 유지된 날을 확인하고 다음 거래일 open에 진입합니다.",1203,-0.0018188997161485468,-0.0021816953972765285,0.33832086450540316,0.0026754540696041842,0.004160967625132517,0.62,0.00142666253877131,0.004285210383452864,0.595,0.004127133963551219,0.0025343127697892154,0.5497076023391813,0.0228084520856652,0.016007412878666694,0.660559305689489,0.045598702953039284,0.03203665223775598,-0.028886341098110023,-0.021280560814137095
score_bo_l10_rp002_erp005,Score BO L10 R20>=0.02 ER20>=0.05,signal_3d_confirm,Signal 3D confirm,"{""close_filter"": ""close > ma50"", ""er20_min"": 0.05, ""family"": ""score_breakout"", ""r20_min"": 0.02, ""score_lookback"": 10}","Signal: Score breakout signal. Score가 직전 lookback 거래일 고점을 돌파하고, R20/ER20 최소 조건과 close > MA50 조건을 만족할 때 TRUE입니다. Score는 0.65*TE63 + 0.35*TE126이며, TE는 return과 efficiency ratio를 곱한 trend-energy 지표입니다. Entry: Signal TRUE가 3거래일 연속 유지된 날을 확인하고 다음 거래일 open에 진입합니다.",452,0.0009569902267423361,0.0005583820794563543,0.5353982300884956,0.00017045674814286158,0.0013324185736506289,0.5398230088495575,0.0040234879753764325,0.005908646889734692,0.6216814159292036,0.0067822719009439855,0.007228489544781835,0.6526548672566371,0.022699210950579283,0.008959881218857602,0.6275,0.052326392434996115,0.03580748033355119,-0.02896455935171458,-0.015938628423673606
score_bo_l10_rp002_erp005,Score BO L10 R20>=0.02 ER20>=0.05,breakout_5d_after_signal,5D breakout after signal,"{""close_filter"": ""close > ma50"", ""er20_min"": 0.05, ""family"": ""score_breakout"", ""r20_min"": 0.02, ""score_lookback"": 10}","Signal: Score breakout signal. Score가 직전 lookback 거래일 고점을 돌파하고, R20/ER20 최소 조건과 close > MA50 조건을 만족할 때 TRUE입니다. Score는 0.65*TE63 + 0.35*TE126이며, TE는 return과 efficiency ratio를 곱한 trend-energy 지표입니다. Entry: 첫 signal 이후 5거래일 안에 종가가 직전 5일 고점을 돌파하면 다음 거래일 open에 진입합니다.",1051,-0.0007652700598107602,-0.0011791311100918245,0.42721217887725976,0.002343838973362673,0.0034333635055245892,0.6072449952335558,0.0024071361269160244,0.004286132136128273,0.6015252621544328,0.00591898113739425,0.003673022026033035,0.5563041385948027,0.028496701283724085,0.020954313970468208,0.6832814122533749,0.04958798697749551,0.034157786761923825,-0.029689351571080057,-0.022347410253426125
score_bo_l10_rp002_erp010,Score BO L10 R20>=0.02 ER20>=0.10,first_signal,First signal,"{""close_filter"": ""close > ma50"", ""er20_min"": 0.1, ""family"": ""score_breakout"", ""r20_min"": 0.02, ""score_lookback"": 10}","Signal: Score breakout signal. Score가 직전 lookback 거래일 고점을 돌파하고, R20/ER20 최소 조건과 close > MA50 조건을 만족할 때 TRUE입니다. Score는 0.65*TE63 + 0.35*TE126이며, TE는 return과 efficiency ratio를 곱한 trend-energy 지표입니다. Entry: Signal이 FALSE에서 TRUE로 처음 바뀐 날을 확인하고 다음 거래일 open에 진입합니다.",2224,0.0007737570630361443,0.0011257330254331732,0.5589028776978417,0.002129901605277683,0.0015220001382159065,0.5306582506762849,0.003469185585806989,0.003599140432162695,0.602616147947677,0.007323314644275989,0.004838517745283655,0.5684306569343066,0.026703206770789623,0.01868449837301589,0.7015239096163952,0.045829610577449685,0.033453899539974685,-0.027304256601509435,-0.021467271257099685
score_bo_l10_rp002_erp010,Score BO L10 R20>=0.02 ER20>=0.10,signal_2d_confirm,Signal 2D confirm,"{""close_filter"": ""close > ma50"", ""er20_min"": 0.1, ""family"": ""score_breakout"", ""r20_min"": 0.02, ""score_lookback"": 10}","Signal: Score breakout signal. Score가 직전 lookback 거래일 고점을 돌파하고, R20/ER20 최소 조건과 close > MA50 조건을 만족할 때 TRUE입니다. Score는 0.65*TE63 + 0.35*TE126이며, TE는 return과 efficiency ratio를 곱한 trend-energy 지표입니다. Entry: Signal TRUE가 2거래일 연속 유지된 날을 확인하고 다음 거래일 open에 진입합니다.",1194,-0.0017112918890043853,-0.0020021687672158173,0.35175879396984927,0.002435007562249825,0.003938436516068178,0.6162888329135181,0.001308683815275043,0.004185287201399435,0.5927791771620488,0.004014331818472383,0.0023430307712907217,0.5454545454545454,0.02306296222920986,0.016033281849354708,0.6611650485436893,0.04538932214412245,0.03194020112773044,-0.028914334405192345,-0.02134959141193321
score_bo_l10_rp002_erp010,Score BO L10 R20>=0.02 ER20>=0.10,signal_3d_confirm,Signal 3D confirm,"{""close_filter"": ""close > ma50"", ""er20_min"": 0.1, ""family"": ""score_breakout"", ""r20_min"": 0.02, ""score_lookback"": 10}","Signal: Score breakout signal. Score가 직전 lookback 거래일 고점을 돌파하고, R20/ER20 최소 조건과 close > MA50 조건을 만족할 때 TRUE입니다. Score는 0.65*TE63 + 0.35*TE126이며, TE는 return과 efficiency ratio를 곱한 trend-energy 지표입니다. Entry: Signal TRUE가 3거래일 연속 유지된 날을 확인하고 다음 거래일 open에 진입합니다.",448,0.00038056725370147433,0.0004910375708877535,0.5334821428571429,-8.015690665014225e-05,0.0013324185736506289,0.5424107142857143,0.002445434285430487,0.004516666857473983,0.6004464285714286,0.005637047337610551,0.006473958938264968,0.6339285714285714,0.02106119545578365,0.008806716945022441,0.6313131313131313,0.051419189511946954,0.03538555732991244,-0.029090593761927432,-0.017259911711938525
score_bo_l10_rp002_erp010,Score BO L10 R20>=0.02 ER20>=0.10,breakout_5d_after_signal,5D breakout after signal,"{""close_filter"": ""close > ma50"", ""er20_min"": 0.1, ""family"": ""score_breakout"", ""r20_min"": 0.02, ""score_lookback"": 10}","Signal: Score breakout signal. Score가 직전 lookback 거래일 고점을 돌파하고, R20/ER20 최소 조건과 close > MA50 조건을 만족할 때 TRUE입니다. Score는 0.65*TE63 + 0.35*TE126이며, TE는 return과 efficiency ratio를 곱한 trend-energy 지표입니다. Entry: 첫 signal 이후 5거래일 안에 종가가 직전 5일 고점을 돌파하면 다음 거래일 open에 진입합니다.",1048,-0.0008362152234598395,-0.001187163469422936,0.4255725190839695,0.0021578228192846182,0.0034499158921766915,0.607074569789675,0.002220696687012821,0.004281768436335764,0.5994263862332696,0.005782129314161948,0.003580981951113116,0.555019305019305,0.02863083188572237,0.02113198916231296,0.6840458811261731,0.04955986028771236,0.03413394578688067,-0.029698227630759633,-0.022381771239137094
score_bo_l10_rp002_erp015,Score BO L10 R20>=0.02 ER20>=0.15,first_signal,First signal,"{""close_filter"": ""close > ma50"", ""er20_min"": 0.15, ""family"": ""score_breakout"", ""r20_min"": 0.02, ""score_lookback"": 10}","Signal: Score breakout signal. Score가 직전 lookback 거래일 고점을 돌파하고, R20/ER20 최소 조건과 close > MA50 조건을 만족할 때 TRUE입니다. Score는 0.65*TE63 + 0.35*TE126이며, TE는 return과 efficiency ratio를 곱한 trend-energy 지표입니다. Entry: Signal이 FALSE에서 TRUE로 처음 바뀐 날을 확인하고 다음 거래일 open에 진입합니다.",2088,0.0007946569026700509,0.001035589295538486,0.5560344827586207,0.00206612552455206,0.001211486772531023,0.5228036485837734,0.0034564623830352034,0.0033166836229643337,0.599135861737878,0.007548138873283164,0.005091973452890919,0.576773566569485,0.026515518419994232,0.01848906887047508,0.6948304613674263,0.046207126398529814,0.03325962380172254,-0.02739023390986009,-0.02150670507933561
score_bo_l10_rp002_erp015,Score BO L10 R20>=0.02 ER20>=0.15,signal_2d_confirm,Signal 2D confirm,"{""close_filter"": ""close > ma50"", ""er20_min"": 0.15, ""family"": ""score_breakout"", ""r20_min"": 0.02, ""score_lookback"": 10}","Signal: Score breakout signal. Score가 직전 lookback 거래일 고점을 돌파하고, R20/ER20 최소 조건과 close > MA50 조건을 만족할 때 TRUE입니다. Score는 0.65*TE63 + 0.35*TE126이며, TE는 return과 efficiency ratio를 곱한 trend-energy 지표입니다. Entry: Signal TRUE가 2거래일 연속 유지된 날을 확인하고 다음 거래일 open에 진입합니다.",1102,-0.0014054269166478624,-0.0015854213667510497,0.38475499092558985,0.002315041658407189,0.003698027739088783,0.6094459582198002,0.0013242107446680262,0.004369770586340582,0.5940054495912807,0.004116863553036208,0.002807525870120453,0.5491803278688525,0.023863189057241215,0.01678219543197712,0.6673640167364017,0.04612804624803726,0.03243428258545489,-0.02914792339973694,-0.02094595068810523
score_bo_l10_rp002_erp015,Score BO L10 R20>=0.02 ER20>=0.15,signal_3d_confirm,Signal 3D confirm,"{""close_filter"": ""close > ma50"", ""er20_min"": 0.15, ""family"": ""score_breakout"", ""r20_min"": 0.02, ""score_lookback"": 10}","Signal: Score breakout signal. Score가 직전 lookback 거래일 고점을 돌파하고, R20/ER20 최소 조건과 close > MA50 조건을 만족할 때 TRUE입니다. Score는 0.65*TE63 + 0.35*TE126이며, TE는 return과 efficiency ratio를 곱한 trend-energy 지표입니다. Entry: Signal TRUE가 3거래일 연속 유지된 날을 확인하고 다음 거래일 open에 진입합니다.",435,-0.0003878757570157423,0.0,0.49885057471264366,-0.0006333088321887037,0.001406461233176337,0.5494252873563218,0.0005797944764108365,0.003520200537347362,0.5724137931034483,0.004295518372810974,0.0054684512162388454,0.6091954022988506,0.02005146359973643,0.006993695271606315,0.6269430051813472,0.05113413441964773,0.03493633813503294,-0.029815234967705943,-0.01812307126782009
score_bo_l10_rp002_erp015,Score BO L10 R20>=0.02 ER20>=0.15,breakout_5d_after_signal,5D breakout after signal,"{""close_filter"": ""close > ma50"", ""er20_min"": 0.15, ""family"": ""score_breakout"", ""r20_min"": 0.02, ""score_lookback"": 10}","Signal: Score breakout signal. Score가 직전 lookback 거래일 고점을 돌파하고, R20/ER20 최소 조건과 close > MA50 조건을 만족할 때 TRUE입니다. Score는 0.65*TE63 + 0.35*TE126이며, TE는 return과 efficiency ratio를 곱한 trend-energy 지표입니다. Entry: 첫 signal 이후 5거래일 안에 종가가 직전 5일 고점을 돌파하면 다음 거래일 open에 진입합니다.",996,-0.0007621177100608489,-0.0010187096180182542,0.4327309236947791,0.0025783132298684277,0.0038250817982982133,0.6267605633802817,0.00217029405572731,0.004530999335458419,0.6056338028169014,0.006090123127762502,0.0037155558894593765,0.5619918699186992,0.029746458441118614,0.02230528353817529,0.6962719298245614,0.05056975527890773,0.034548949327430134,-0.029688954992239915,-0.020727375164211304
score_bo_l20_rm002_erp005,Score BO L20 R20>=-0.02 ER20>=0.05,first_signal,First signal,"{""close_filter"": ""close > ma50"", ""er20_min"": 0.05, ""family"": ""score_breakout"", ""r20_min"": -0.02, ""score_lookback"": 20}","Signal: Score breakout signal. Score가 직전 lookback 거래일 고점을 돌파하고, R20/ER20 최소 조건과 close > MA50 조건을 만족할 때 TRUE입니다. Score는 0.65*TE63 + 0.35*TE126이며, TE는 return과 efficiency ratio를 곱한 trend-energy 지표입니다. Entry: Signal이 FALSE에서 TRUE로 처음 바뀐 날을 확인하고 다음 거래일 open에 진입합니다.",2755,0.00034318697717835916,0.0002649614779774989,0.5245009074410163,0.001460332631117004,0.0007573729766964243,0.5462154294032023,0.002276791570051495,0.0016671243455099738,0.6028446389496718,0.005719253668570098,0.0021210622637120036,0.5755448836350203,0.021589491886708428,0.012229953649979475,0.6875891583452212,0.03670144475239876,0.024477299526222573,-0.022677820863010924,-0.014947877255751862
score_bo_l20_rm002_erp005,Score BO L20 R20>=-0.02 ER20>=0.05,signal_2d_confirm,Signal 2D confirm,"{""close_filter"": ""close > ma50"", ""er20_min"": 0.05, ""family"": ""score_breakout"", ""r20_min"": -0.02, ""score_lookback"": 20}","Signal: Score breakout signal. Score가 직전 lookback 거래일 고점을 돌파하고, R20/ER20 최소 조건과 close > MA50 조건을 만족할 때 TRUE입니다. Score는 0.65*TE63 + 0.35*TE126이며, TE는 return과 efficiency ratio를 곱한 trend-energy 지표입니다. Entry: Signal TRUE가 2거래일 연속 유지된 날을 확인하고 다음 거래일 open에 진입합니다.",1327,-0.001496986635635159,-0.0011641709783698495,0.36397889977392617,0.0010498960160541743,0.0015296039511079051,0.5620272314674736,0.0002970468304488699,0.0012262542630245843,0.5450416351249053,0.0033344336007188587,0.0012534641104821054,0.5402124430955993,0.01826448094940566,0.008396406308599835,0.6252408477842004,0.03692899842159353,0.023269003557208734,-0.025286693199804033,-0.016896519625338224
score_bo_l20_rm002_erp005,Score BO L20 R20>=-0.02 ER20>=0.05,signal_3d_confirm,Signal 3D confirm,"{""close_filter"": ""close > ma50"", ""er20_min"": 0.05, ""family"": ""score_breakout"", ""r20_min"": -0.02, ""score_lookback"": 20}","Signal: Score breakout signal. Score가 직전 lookback 거래일 고점을 돌파하고, R20/ER20 최소 조건과 close > MA50 조건을 만족할 때 TRUE입니다. Score는 0.65*TE63 + 0.35*TE126이며, TE는 return과 efficiency ratio를 곱한 trend-energy 지표입니다. Entry: Signal TRUE가 3거래일 연속 유지된 날을 확인하고 다음 거래일 open에 진입합니다.",452,-0.0005253398332691017,-0.0003486988452084949,0.4579646017699115,-0.0022383252728237634,0.00038084727997822476,0.5144124168514412,0.00029776229278550355,0.0021463592372243934,0.5720620842572062,0.004339543591960632,0.005102618884775145,0.6164079822616408,0.016742392238789917,0.004543853485100335,0.6015625,0.04520647916678578,0.031069065229115345,-0.027879715791098,-0.014821298126041715
score_bo_l20_rm002_erp005,Score BO L20 R20>=-0.02 ER20>=0.05,breakout_5d_after_signal,5D breakout after signal,"{""close_filter"": ""close > ma50"", ""er20_min"": 0.05, ""family"": ""score_breakout"", ""r20_min"": -0.02, ""score_lookback"": 20}","Signal: Score breakout signal. Score가 직전 lookback 거래일 고점을 돌파하고, R20/ER20 최소 조건과 close > MA50 조건을 만족할 때 TRUE입니다. Score는 0.65*TE63 + 0.35*TE126이며, TE는 return과 efficiency ratio를 곱한 trend-energy 지표입니다. Entry: 첫 signal 이후 5거래일 안에 종가가 직전 5일 고점을 돌파하면 다음 거래일 open에 진입합니다.",1173,-0.0008885928290771525,-0.0007432799515165733,0.4117647058823529,0.001132871540541461,0.0010429186837426219,0.564585115483319,0.0011271374594843569,0.0010912993230046686,0.5642123287671232,0.004203050495436561,0.0010322558707183127,0.5211754537597234,0.024252209908714135,0.013738915461301682,0.6643002028397565,0.041502080575802125,0.026278324891420457,-0.02648989922061522,-0.018043114432345297
score_bo_l20_rm002_erp010,Score BO L20 R20>=-0.02 ER20>=0.10,first_signal,First signal,"{""close_filter"": ""close > ma50"", ""er20_min"": 0.1, ""family"": ""score_breakout"", ""r20_min"": -0.02, ""score_lookback"": 20}","Signal: Score breakout signal. Score가 직전 lookback 거래일 고점을 돌파하고, R20/ER20 최소 조건과 close > MA50 조건을 만족할 때 TRUE입니다. Score는 0.65*TE63 + 0.35*TE126이며, TE는 return과 efficiency ratio를 곱한 trend-energy 지표입니다. Entry: Signal이 FALSE에서 TRUE로 처음 바뀐 날을 확인하고 다음 거래일 open에 진입합니다.",2605,0.00045769912341351676,0.0003749617117820847,0.5343570057581574,0.0017448453280442388,0.0007728152400403587,0.550596383224317,0.0025109657603381652,0.0017868323867331615,0.6097184728114153,0.005942417223677044,0.001996397331839317,0.570926143024619,0.022426782191670748,0.012739432604772172,0.6932153392330384,0.03759819605472368,0.025360680176172545,-0.02272732979400337,-0.014803487219624434
score_bo_l20_rm002_erp010,Score BO L20 R20>=-0.02 ER20>=0.10,signal_2d_confirm,Signal 2D confirm,"{""close_filter"": ""close > ma50"", ""er20_min"": 0.1, ""family"": ""score_breakout"", ""r20_min"": -0.02, ""score_lookback"": 20}","Signal: Score breakout signal. Score가 직전 lookback 거래일 고점을 돌파하고, R20/ER20 최소 조건과 close > MA50 조건을 만족할 때 TRUE입니다. Score는 0.65*TE63 + 0.35*TE126이며, TE는 return과 efficiency ratio를 곱한 trend-energy 지표입니다. Entry: Signal TRUE가 2거래일 연속 유지된 날을 확인하고 다음 거래일 open에 진입합니다.",1255,-0.0015844890990001357,-0.0012781755506829917,0.3529880478087649,0.0008963678142928803,0.0015842493234036192,0.5624,0.0002107638508038029,0.0012139109468128906,0.5464,0.003224785143265659,0.001215085415433359,0.5364875701684042,0.018783477115894197,0.008748318988223813,0.6333002973240832,0.03774574970094737,0.023561175990020278,-0.025869046576149756,-0.017392269857244957
score_bo_l20_rm002_erp010,Score BO L20 R20>=-0.02 ER20>=0.10,signal_3d_confirm,Signal 3D confirm,"{""close_filter"": ""close > ma50"", ""er20_min"": 0.1, ""family"": ""score_breakout"", ""r20_min"": -0.02, ""score_lookback"": 20}","Signal: Score breakout signal. Score가 직전 lookback 거래일 고점을 돌파하고, R20/ER20 최소 조건과 close > MA50 조건을 만족할 때 TRUE입니다. Score는 0.65*TE63 + 0.35*TE126이며, TE는 return과 efficiency ratio를 곱한 trend-energy 지표입니다. Entry: Signal TRUE가 3거래일 연속 유지된 날을 확인하고 다음 거래일 open에 진입합니다.",440,-0.00037322133895201557,-0.0003486988452084949,0.45681818181818185,-0.0021927407938648184,0.0004133677150290893,0.5170842824601367,0.00041160801736026914,0.002336065244054053,0.5763097949886105,0.004098422551281837,0.005088356313049935,0.6195899772209568,0.016724183790034288,0.004568681360759497,0.6037234042553191,0.045695276937969743,0.03191544984325001,-0.028100795470317103,-0.014583550702301329
score_bo_l20_rm002_erp010,Score BO L20 R20>=-0.02 ER20>=0.10,breakout_5d_after_signal,5D breakout after signal,"{""close_filter"": ""close > ma50"", ""er20_min"": 0.1, ""family"": ""score_breakout"", ""r20_min"": -0.02, ""score_lookback"": 20}","Signal: Score breakout signal. Score가 직전 lookback 거래일 고점을 돌파하고, R20/ER20 최소 조건과 close > MA50 조건을 만족할 때 TRUE입니다. Score는 0.65*TE63 + 0.35*TE126이며, TE는 return과 efficiency ratio를 곱한 trend-energy 지표입니다. Entry: 첫 signal 이후 5거래일 안에 종가가 직전 5일 고점을 돌파하면 다음 거래일 open에 진입합니다.",1131,-0.0009137379042582766,-0.0007307012418577008,0.4146772767462423,0.0011293928862678379,0.001347176774021408,0.5789007092198581,0.0012415196664224272,0.0012682244651311958,0.5723158828748891,0.0045573984001997985,0.0012158245352310582,0.5313620071684588,0.02491362518472334,0.014423186832799528,0.6725571725571725,0.042490543222594976,0.027343130076667554,-0.026673848430598196,-0.017977628556616554
score_bo_l20_rm002_erp015,Score BO L20 R20>=-0.02 ER20>=0.15,first_signal,First signal,"{""close_filter"": ""close > ma50"", ""er20_min"": 0.15, ""family"": ""score_breakout"", ""r20_min"": -0.02, ""score_lookback"": 20}","Signal: Score breakout signal. Score가 직전 lookback 거래일 고점을 돌파하고, R20/ER20 최소 조건과 close > MA50 조건을 만족할 때 TRUE입니다. Score는 0.65*TE63 + 0.35*TE126이며, TE는 return과 efficiency ratio를 곱한 trend-energy 지표입니다. Entry: Signal이 FALSE에서 TRUE로 처음 바뀐 날을 확인하고 다음 거래일 open에 진입합니다.",2365,0.0005526196654586487,0.0004022210193046494,0.5374207188160677,0.0018420305343563783,0.0006196778585887408,0.5423728813559322,0.0027650273521395803,0.00210744112482808,0.618421052631579,0.006337239649683773,0.002116027443107571,0.5749892565535024,0.02340315687672012,0.013438283394986206,0.7004754358161648,0.03932219909732932,0.0268857204675097,-0.023404923209524555,-0.0155017514244995
score_bo_l20_rm002_erp015,Score BO L20 R20>=-0.02 ER20>=0.15,signal_2d_confirm,Signal 2D confirm,"{""close_filter"": ""close > ma50"", ""er20_min"": 0.15, ""family"": ""score_breakout"", ""r20_min"": -0.02, ""score_lookback"": 20}","Signal: Score breakout signal. Score가 직전 lookback 거래일 고점을 돌파하고, R20/ER20 최소 조건과 close > MA50 조건을 만족할 때 TRUE입니다. Score는 0.65*TE63 + 0.35*TE126이며, TE는 return과 efficiency ratio를 곱한 trend-energy 지표입니다. Entry: Signal TRUE가 2거래일 연속 유지된 날을 확인하고 다음 거래일 open에 진입합니다.",1142,-0.0014992679480377883,-0.0011490510126933584,0.36514886164623467,0.0013382943023232256,0.002035458864104167,0.5868421052631579,0.0005245164557237784,0.0016549922408982676,0.5649122807017544,0.003426514845876024,0.0013552225392903239,0.5426561125769569,0.020000620213258328,0.010806241492326674,0.6440677966101694,0.039721321738915905,0.025879314497470496,-0.026474788348037074,-0.017452037282844002
score_bo_l20_rm002_erp015,Score BO L20 R20>=-0.02 ER20>=0.15,signal_3d_confirm,Signal 3D confirm,"{""close_filter"": ""close > ma50"", ""er20_min"": 0.15, ""family"": ""score_breakout"", ""r20_min"": -0.02, ""score_lookback"": 20}","Signal: Score breakout signal. Score가 직전 lookback 거래일 고점을 돌파하고, R20/ER20 최소 조건과 close > MA50 조건을 만족할 때 TRUE입니다. Score는 0.65*TE63 + 0.35*TE126이며, TE는 return과 efficiency ratio를 곱한 trend-energy 지표입니다. Entry: Signal TRUE가 3거래일 연속 유지된 날을 확인하고 다음 거래일 open에 진입합니다.",420,-0.0005882613957552986,-0.0003684784169610267,0.4523809523809524,-0.0025329250871487467,0.0004133677150290893,0.5155131264916468,2.130246267262882e-05,0.0023211438859671585,0.5751789976133651,0.0035660237435622723,0.004460959394884334,0.6181384248210023,0.016946931105843253,0.004606600461219301,0.6115702479338843,0.04640844063293466,0.03286837753261418,-0.028851528060245272,-0.015647283714073423
score_bo_l20_rm002_erp015,Score BO L20 R20>=-0.02 ER20>=0.15,breakout_5d_after_signal,5D breakout after signal,"{""close_filter"": ""close > ma50"", ""er20_min"": 0.15, ""family"": ""score_breakout"", ""r20_min"": -0.02, ""score_lookback"": 20}","Signal: Score breakout signal. Score가 직전 lookback 거래일 고점을 돌파하고, R20/ER20 최소 조건과 close > MA50 조건을 만족할 때 TRUE입니다. Score는 0.65*TE63 + 0.35*TE126이며, TE는 return과 efficiency ratio를 곱한 trend-energy 지표입니다. Entry: 첫 signal 이후 5거래일 안에 종가가 직전 5일 고점을 돌파하면 다음 거래일 open에 진입합니다.",1061,-0.0008250830389166218,-0.000678928047818772,0.41470311027332707,0.0015827982094242991,0.0019093279190647294,0.6049149338374291,0.0014740457759131454,0.0017232226407670748,0.5846736045411542,0.004983833495626041,0.0015788589479459603,0.5483253588516747,0.025909463866591667,0.015581017798447006,0.6822633297062024,0.04413022785642364,0.029206277350233956,-0.026988671802386368,-0.017701041626328462
score_bo_l20_rp000_erp005,Score BO L20 R20>=0.00 ER20>=0.05,first_signal,First signal,"{""close_filter"": ""close > ma50"", ""er20_min"": 0.05, ""family"": ""score_breakout"", ""r20_min"": 0.0, ""score_lookback"": 20}","Signal: Score breakout signal. Score가 직전 lookback 거래일 고점을 돌파하고, R20/ER20 최소 조건과 close > MA50 조건을 만족할 때 TRUE입니다. Score는 0.65*TE63 + 0.35*TE126이며, TE는 return과 efficiency ratio를 곱한 trend-energy 지표입니다. Entry: Signal이 FALSE에서 TRUE로 처음 바뀐 날을 확인하고 다음 거래일 open에 진입합니다.",2755,0.00034318697717835916,0.0002649614779774989,0.5245009074410163,0.001460332631117004,0.0007573729766964243,0.5462154294032023,0.002276791570051495,0.0016671243455099738,0.6028446389496718,0.005719253668570098,0.0021210622637120036,0.5755448836350203,0.021589491886708428,0.012229953649979475,0.6875891583452212,0.03670144475239876,0.024477299526222573,-0.022677820863010924,-0.014947877255751862
score_bo_l20_rp000_erp005,Score BO L20 R20>=0.00 ER20>=0.05,signal_2d_confirm,Signal 2D confirm,"{""close_filter"": ""close > ma50"", ""er20_min"": 0.05, ""family"": ""score_breakout"", ""r20_min"": 0.0, ""score_lookback"": 20}","Signal: Score breakout signal. Score가 직전 lookback 거래일 고점을 돌파하고, R20/ER20 최소 조건과 close > MA50 조건을 만족할 때 TRUE입니다. Score는 0.65*TE63 + 0.35*TE126이며, TE는 return과 efficiency ratio를 곱한 trend-energy 지표입니다. Entry: Signal TRUE가 2거래일 연속 유지된 날을 확인하고 다음 거래일 open에 진입합니다.",1327,-0.001496986635635159,-0.0011641709783698495,0.36397889977392617,0.0010498960160541743,0.0015296039511079051,0.5620272314674736,0.0002970468304488699,0.0012262542630245843,0.5450416351249053,0.0033344336007188587,0.0012534641104821054,0.5402124430955993,0.01826448094940566,0.008396406308599835,0.6252408477842004,0.03692899842159353,0.023269003557208734,-0.025286693199804033,-0.016896519625338224
score_bo_l20_rp000_erp005,Score BO L20 R20>=0.00 ER20>=0.05,signal_3d_confirm,Signal 3D confirm,"{""close_filter"": ""close > ma50"", ""er20_min"": 0.05, ""family"": ""score_breakout"", ""r20_min"": 0.0, ""score_lookback"": 20}","Signal: Score breakout signal. Score가 직전 lookback 거래일 고점을 돌파하고, R20/ER20 최소 조건과 close > MA50 조건을 만족할 때 TRUE입니다. Score는 0.65*TE63 + 0.35*TE126이며, TE는 return과 efficiency ratio를 곱한 trend-energy 지표입니다. Entry: Signal TRUE가 3거래일 연속 유지된 날을 확인하고 다음 거래일 open에 진입합니다.",452,-0.0005253398332691017,-0.0003486988452084949,0.4579646017699115,-0.0022383252728237634,0.00038084727997822476,0.5144124168514412,0.00029776229278550355,0.0021463592372243934,0.5720620842572062,0.004339543591960632,0.005102618884775145,0.6164079822616408,0.016742392238789917,0.004543853485100335,0.6015625,0.04520647916678578,0.031069065229115345,-0.027879715791098,-0.014821298126041715
score_bo_l20_rp000_erp005,Score BO L20 R20>=0.00 ER20>=0.05,breakout_5d_after_signal,5D breakout after signal,"{""close_filter"": ""close > ma50"", ""er20_min"": 0.05, ""family"": ""score_breakout"", ""r20_min"": 0.0, ""score_lookback"": 20}","Signal: Score breakout signal. Score가 직전 lookback 거래일 고점을 돌파하고, R20/ER20 최소 조건과 close > MA50 조건을 만족할 때 TRUE입니다. Score는 0.65*TE63 + 0.35*TE126이며, TE는 return과 efficiency ratio를 곱한 trend-energy 지표입니다. Entry: 첫 signal 이후 5거래일 안에 종가가 직전 5일 고점을 돌파하면 다음 거래일 open에 진입합니다.",1173,-0.0008885928290771525,-0.0007432799515165733,0.4117647058823529,0.001132871540541461,0.0010429186837426219,0.564585115483319,0.0011271374594843569,0.0010912993230046686,0.5642123287671232,0.004203050495436561,0.0010322558707183127,0.5211754537597234,0.024252209908714135,0.013738915461301682,0.6643002028397565,0.041502080575802125,0.026278324891420457,-0.02648989922061522,-0.018043114432345297
score_bo_l20_rp000_erp010,Score BO L20 R20>=0.00 ER20>=0.10,first_signal,First signal,"{""close_filter"": ""close > ma50"", ""er20_min"": 0.1, ""family"": ""score_breakout"", ""r20_min"": 0.0, ""score_lookback"": 20}","Signal: Score breakout signal. Score가 직전 lookback 거래일 고점을 돌파하고, R20/ER20 최소 조건과 close > MA50 조건을 만족할 때 TRUE입니다. Score는 0.65*TE63 + 0.35*TE126이며, TE는 return과 efficiency ratio를 곱한 trend-energy 지표입니다. Entry: Signal이 FALSE에서 TRUE로 처음 바뀐 날을 확인하고 다음 거래일 open에 진입합니다.",2605,0.00045769912341351676,0.0003749617117820847,0.5343570057581574,0.0017448453280442388,0.0007728152400403587,0.550596383224317,0.0025109657603381652,0.0017868323867331615,0.6097184728114153,0.005942417223677044,0.001996397331839317,0.570926143024619,0.022426782191670748,0.012739432604772172,0.6932153392330384,0.03759819605472368,0.025360680176172545,-0.02272732979400337,-0.014803487219624434
score_bo_l20_rp000_erp010,Score BO L20 R20>=0.00 ER20>=0.10,signal_2d_confirm,Signal 2D confirm,"{""close_filter"": ""close > ma50"", ""er20_min"": 0.1, ""family"": ""score_breakout"", ""r20_min"": 0.0, ""score_lookback"": 20}","Signal: Score breakout signal. Score가 직전 lookback 거래일 고점을 돌파하고, R20/ER20 최소 조건과 close > MA50 조건을 만족할 때 TRUE입니다. Score는 0.65*TE63 + 0.35*TE126이며, TE는 return과 efficiency ratio를 곱한 trend-energy 지표입니다. Entry: Signal TRUE가 2거래일 연속 유지된 날을 확인하고 다음 거래일 open에 진입합니다.",1255,-0.0015844890990001357,-0.0012781755506829917,0.3529880478087649,0.0008963678142928803,0.0015842493234036192,0.5624,0.0002107638508038029,0.0012139109468128906,0.5464,0.003224785143265659,0.001215085415433359,0.5364875701684042,0.018783477115894197,0.008748318988223813,0.6333002973240832,0.03774574970094737,0.023561175990020278,-0.025869046576149756,-0.017392269857244957
score_bo_l20_rp000_erp010,Score BO L20 R20>=0.00 ER20>=0.10,signal_3d_confirm,Signal 3D confirm,"{""close_filter"": ""close > ma50"", ""er20_min"": 0.1, ""family"": ""score_breakout"", ""r20_min"": 0.0, ""score_lookback"": 20}","Signal: Score breakout signal. Score가 직전 lookback 거래일 고점을 돌파하고, R20/ER20 최소 조건과 close > MA50 조건을 만족할 때 TRUE입니다. Score는 0.65*TE63 + 0.35*TE126이며, TE는 return과 efficiency ratio를 곱한 trend-energy 지표입니다. Entry: Signal TRUE가 3거래일 연속 유지된 날을 확인하고 다음 거래일 open에 진입합니다.",440,-0.00037322133895201557,-0.0003486988452084949,0.45681818181818185,-0.0021927407938648184,0.0004133677150290893,0.5170842824601367,0.00041160801736026914,0.002336065244054053,0.5763097949886105,0.004098422551281837,0.005088356313049935,0.6195899772209568,0.016724183790034288,0.004568681360759497,0.6037234042553191,0.045695276937969743,0.03191544984325001,-0.028100795470317103,-0.014583550702301329
score_bo_l20_rp000_erp010,Score BO L20 R20>=0.00 ER20>=0.10,breakout_5d_after_signal,5D breakout after signal,"{""close_filter"": ""close > ma50"", ""er20_min"": 0.1, ""family"": ""score_breakout"", ""r20_min"": 0.0, ""score_lookback"": 20}","Signal: Score breakout signal. Score가 직전 lookback 거래일 고점을 돌파하고, R20/ER20 최소 조건과 close > MA50 조건을 만족할 때 TRUE입니다. Score는 0.65*TE63 + 0.35*TE126이며, TE는 return과 efficiency ratio를 곱한 trend-energy 지표입니다. Entry: 첫 signal 이후 5거래일 안에 종가가 직전 5일 고점을 돌파하면 다음 거래일 open에 진입합니다.",1131,-0.0009137379042582766,-0.0007307012418577008,0.4146772767462423,0.0011293928862678379,0.001347176774021408,0.5789007092198581,0.0012415196664224272,0.0012682244651311958,0.5723158828748891,0.0045573984001997985,0.0012158245352310582,0.5313620071684588,0.02491362518472334,0.014423186832799528,0.6725571725571725,0.042490543222594976,0.027343130076667554,-0.026673848430598196,-0.017977628556616554
score_bo_l20_rp000_erp015,Score BO L20 R20>=0.00 ER20>=0.15,first_signal,First signal,"{""close_filter"": ""close > ma50"", ""er20_min"": 0.15, ""family"": ""score_breakout"", ""r20_min"": 0.0, ""score_lookback"": 20}","Signal: Score breakout signal. Score가 직전 lookback 거래일 고점을 돌파하고, R20/ER20 최소 조건과 close > MA50 조건을 만족할 때 TRUE입니다. Score는 0.65*TE63 + 0.35*TE126이며, TE는 return과 efficiency ratio를 곱한 trend-energy 지표입니다. Entry: Signal이 FALSE에서 TRUE로 처음 바뀐 날을 확인하고 다음 거래일 open에 진입합니다.",2365,0.0005526196654586487,0.0004022210193046494,0.5374207188160677,0.0018420305343563783,0.0006196778585887408,0.5423728813559322,0.0027650273521395803,0.00210744112482808,0.618421052631579,0.006337239649683773,0.002116027443107571,0.5749892565535024,0.02340315687672012,0.013438283394986206,0.7004754358161648,0.03932219909732932,0.0268857204675097,-0.023404923209524555,-0.0155017514244995
score_bo_l20_rp000_erp015,Score BO L20 R20>=0.00 ER20>=0.15,signal_2d_confirm,Signal 2D confirm,"{""close_filter"": ""close > ma50"", ""er20_min"": 0.15, ""family"": ""score_breakout"", ""r20_min"": 0.0, ""score_lookback"": 20}","Signal: Score breakout signal. Score가 직전 lookback 거래일 고점을 돌파하고, R20/ER20 최소 조건과 close > MA50 조건을 만족할 때 TRUE입니다. Score는 0.65*TE63 + 0.35*TE126이며, TE는 return과 efficiency ratio를 곱한 trend-energy 지표입니다. Entry: Signal TRUE가 2거래일 연속 유지된 날을 확인하고 다음 거래일 open에 진입합니다.",1142,-0.0014992679480377883,-0.0011490510126933584,0.36514886164623467,0.0013382943023232256,0.002035458864104167,0.5868421052631579,0.0005245164557237784,0.0016549922408982676,0.5649122807017544,0.003426514845876024,0.0013552225392903239,0.5426561125769569,0.020000620213258328,0.010806241492326674,0.6440677966101694,0.039721321738915905,0.025879314497470496,-0.026474788348037074,-0.017452037282844002
score_bo_l20_rp000_erp015,Score BO L20 R20>=0.00 ER20>=0.15,signal_3d_confirm,Signal 3D confirm,"{""close_filter"": ""close > ma50"", ""er20_min"": 0.15, ""family"": ""score_breakout"", ""r20_min"": 0.0, ""score_lookback"": 20}","Signal: Score breakout signal. Score가 직전 lookback 거래일 고점을 돌파하고, R20/ER20 최소 조건과 close > MA50 조건을 만족할 때 TRUE입니다. Score는 0.65*TE63 + 0.35*TE126이며, TE는 return과 efficiency ratio를 곱한 trend-energy 지표입니다. Entry: Signal TRUE가 3거래일 연속 유지된 날을 확인하고 다음 거래일 open에 진입합니다.",420,-0.0005882613957552986,-0.0003684784169610267,0.4523809523809524,-0.0025329250871487467,0.0004133677150290893,0.5155131264916468,2.130246267262882e-05,0.0023211438859671585,0.5751789976133651,0.0035660237435622723,0.004460959394884334,0.6181384248210023,0.016946931105843253,0.004606600461219301,0.6115702479338843,0.04640844063293466,0.03286837753261418,-0.028851528060245272,-0.015647283714073423
score_bo_l20_rp000_erp015,Score BO L20 R20>=0.00 ER20>=0.15,breakout_5d_after_signal,5D breakout after signal,"{""close_filter"": ""close > ma50"", ""er20_min"": 0.15, ""family"": ""score_breakout"", ""r20_min"": 0.0, ""score_lookback"": 20}","Signal: Score breakout signal. Score가 직전 lookback 거래일 고점을 돌파하고, R20/ER20 최소 조건과 close > MA50 조건을 만족할 때 TRUE입니다. Score는 0.65*TE63 + 0.35*TE126이며, TE는 return과 efficiency ratio를 곱한 trend-energy 지표입니다. Entry: 첫 signal 이후 5거래일 안에 종가가 직전 5일 고점을 돌파하면 다음 거래일 open에 진입합니다.",1061,-0.0008250830389166218,-0.000678928047818772,0.41470311027332707,0.0015827982094242991,0.0019093279190647294,0.6049149338374291,0.0014740457759131454,0.0017232226407670748,0.5846736045411542,0.004983833495626041,0.0015788589479459603,0.5483253588516747,0.025909463866591667,0.015581017798447006,0.6822633297062024,0.04413022785642364,0.029206277350233956,-0.026988671802386368,-0.017701041626328462
score_bo_l20_rp002_erp005,Score BO L20 R20>=0.02 ER20>=0.05,first_signal,First signal,"{""close_filter"": ""close > ma50"", ""er20_min"": 0.05, ""family"": ""score_breakout"", ""r20_min"": 0.02, ""score_lookback"": 20}","Signal: Score breakout signal. Score가 직전 lookback 거래일 고점을 돌파하고, R20/ER20 최소 조건과 close > MA50 조건을 만족할 때 TRUE입니다. Score는 0.65*TE63 + 0.35*TE126이며, TE는 return과 efficiency ratio를 곱한 trend-energy 지표입니다. Entry: Signal이 FALSE에서 TRUE로 처음 바뀐 날을 확인하고 다음 거래일 open에 진입합니다.",2045,0.0006487328506241733,0.001016972428661278,0.5540342298288509,0.0020962421598387116,0.0013170720278499193,0.5262383521333988,0.0029651000817453093,0.003609691089566769,0.6079489695780177,0.007323169638957784,0.004911779720746634,0.5789473684210527,0.025447309788028102,0.018963860910423236,0.7045324153757889,0.04598081461368503,0.03379099048811174,-0.027361288976795847,-0.020966093027172672
score_bo_l20_rp002_erp005,Score BO L20 R20>=0.02 ER20>=0.05,signal_2d_confirm,Signal 2D confirm,"{""close_filter"": ""close > ma50"", ""er20_min"": 0.05, ""family"": ""score_breakout"", ""r20_min"": 0.02, ""score_lookback"": 20}","Signal: Score breakout signal. Score가 직전 lookback 거래일 고점을 돌파하고, R20/ER20 최소 조건과 close > MA50 조건을 만족할 때 TRUE입니다. Score는 0.65*TE63 + 0.35*TE126이며, TE는 return과 efficiency ratio를 곱한 trend-energy 지표입니다. Entry: Signal TRUE가 2거래일 연속 유지된 날을 확인하고 다음 거래일 open에 진입합니다.",1055,-0.001696160052770437,-0.0018545126175817384,0.3639810426540284,0.0013847743105640153,0.0034098296193361133,0.5798479087452472,0.0006545813145708082,0.0032060453594267013,0.5712927756653993,0.003896031497208162,0.0022688812501108213,0.546234509056244,0.021193235012419525,0.014825648399030333,0.6507230255839822,0.04373142415509507,0.030361262239646525,-0.02922558303039826,-0.021841954463734048
score_bo_l20_rp002_erp005,Score BO L20 R20>=0.02 ER20>=0.05,signal_3d_confirm,Signal 3D confirm,"{""close_filter"": ""close > ma50"", ""er20_min"": 0.05, ""family"": ""score_breakout"", ""r20_min"": 0.02, ""score_lookback"": 20}","Signal: Score breakout signal. Score가 직전 lookback 거래일 고점을 돌파하고, R20/ER20 최소 조건과 close > MA50 조건을 만족할 때 TRUE입니다. Score는 0.65*TE63 + 0.35*TE126이며, TE는 return과 efficiency ratio를 곱한 trend-energy 지표입니다. Entry: Signal TRUE가 3거래일 연속 유지된 날을 확인하고 다음 거래일 open에 진입합니다.",400,-0.00046858995915137117,-0.000252911856884086,0.4775,-0.002532164366000341,0.0005646120668513221,0.51,0.0002856528951855103,0.004155783272648983,0.57,0.004220269116296769,0.007014372816867787,0.615,0.017608865639076703,0.004606600461219301,0.5988538681948424,0.048998186188462925,0.034332091539731824,-0.030354677880694635,-0.018641294352879312
score_bo_l20_rp002_erp005,Score BO L20 R20>=0.02 ER20>=0.05,breakout_5d_after_signal,5D breakout after signal,"{""close_filter"": ""close > ma50"", ""er20_min"": 0.05, ""family"": ""score_breakout"", ""r20_min"": 0.02, ""score_lookback"": 20}","Signal: Score breakout signal. Score가 직전 lookback 거래일 고점을 돌파하고, R20/ER20 최소 조건과 close > MA50 조건을 만족할 때 TRUE입니다. Score는 0.65*TE63 + 0.35*TE126이며, TE는 return과 efficiency ratio를 곱한 trend-energy 지표입니다. Entry: 첫 signal 이후 5거래일 안에 종가가 직전 5일 고점을 돌파하면 다음 거래일 open에 진입합니다.",970,-0.0009287780518710633,-0.001143225135170678,0.42371134020618556,0.0016822832607720263,0.0032522240457123486,0.5888429752066116,0.001816715756410281,0.0033050273137876784,0.5836776859504132,0.00568391652190453,0.0031582927576764286,0.5511482254697286,0.026963397529002356,0.019205053932337623,0.6708004509582863,0.04872446886074441,0.03333153169357772,-0.029812659177197175,-0.022481810045247352
score_bo_l20_rp002_erp010,Score BO L20 R20>=0.02 ER20>=0.10,first_signal,First signal,"{""close_filter"": ""close > ma50"", ""er20_min"": 0.1, ""family"": ""score_breakout"", ""r20_min"": 0.02, ""score_lookback"": 20}","Signal: Score breakout signal. Score가 직전 lookback 거래일 고점을 돌파하고, R20/ER20 최소 조건과 close > MA50 조건을 만족할 때 TRUE입니다. Score는 0.65*TE63 + 0.35*TE126이며, TE는 return과 efficiency ratio를 곱한 trend-energy 지표입니다. Entry: Signal이 FALSE에서 TRUE로 처음 바뀐 날을 확인하고 다음 거래일 open에 진입합니다.",2037,0.000672598994290599,0.0010260875633489874,0.5547373588610702,0.002098237659714787,0.0014641623709432672,0.5278188084687346,0.003076383973516776,0.0036275926318729557,0.6098522167487684,0.007501707410233621,0.004959393373918375,0.5807577268195414,0.025789130086254827,0.018978118007887623,0.7055779183438758,0.04599302687916201,0.03377445591870387,-0.02704986985088862,-0.020893602933061972
score_bo_l20_rp002_erp010,Score BO L20 R20>=0.02 ER20>=0.10,signal_2d_confirm,Signal 2D confirm,"{""close_filter"": ""close > ma50"", ""er20_min"": 0.1, ""family"": ""score_breakout"", ""r20_min"": 0.02, ""score_lookback"": 20}","Signal: Score breakout signal. Score가 직전 lookback 거래일 고점을 돌파하고, R20/ER20 최소 조건과 close > MA50 조건을 만족할 때 TRUE입니다. Score는 0.65*TE63 + 0.35*TE126이며, TE는 return과 efficiency ratio를 곱한 trend-energy 지표입니다. Entry: Signal TRUE가 2거래일 연속 유지된 날을 확인하고 다음 거래일 open에 진입합니다.",1052,-0.0017118659287082168,-0.0018330309536486733,0.36406844106463876,0.001353406287751198,0.0033942719802659838,0.5795996186844614,0.0005684217312326748,0.003103489653615066,0.5700667302192565,0.003854206954972056,0.002145725506482954,0.5449330783938815,0.021187347317740943,0.014825648399030333,0.6510590858416946,0.043679391942100264,0.030306453714191717,-0.029272705287112663,-0.021878616128597816
score_bo_l20_rp002_erp010,Score BO L20 R20>=0.02 ER20>=0.10,signal_3d_confirm,Signal 3D confirm,"{""close_filter"": ""close > ma50"", ""er20_min"": 0.1, ""family"": ""score_breakout"", ""r20_min"": 0.02, ""score_lookback"": 20}","Signal: Score breakout signal. Score가 직전 lookback 거래일 고점을 돌파하고, R20/ER20 최소 조건과 close > MA50 조건을 만족할 때 TRUE입니다. Score는 0.65*TE63 + 0.35*TE126이며, TE는 return과 efficiency ratio를 곱한 trend-energy 지표입니다. Entry: Signal TRUE가 3거래일 연속 유지된 날을 확인하고 다음 거래일 open에 진입합니다.",399,-0.00044990053521855815,-0.0002636998721327055,0.47619047619047616,-0.0025224472324192667,0.0005390190301393094,0.5087719298245614,0.00025005634422014004,0.004215938259730212,0.568922305764411,0.004130406032389577,0.006895238384392988,0.6140350877192983,0.01764698455480688,0.004680354013378407,0.6005747126436781,0.049043705074642445,0.034360204708465014,-0.03038075984110847,-0.018467314072804775
score_bo_l20_rp002_erp010,Score BO L20 R20>=0.02 ER20>=0.10,breakout_5d_after_signal,5D breakout after signal,"{""close_filter"": ""close > ma50"", ""er20_min"": 0.1, ""family"": ""score_breakout"", ""r20_min"": 0.02, ""score_lookback"": 20}","Signal: Score breakout signal. Score가 직전 lookback 거래일 고점을 돌파하고, R20/ER20 최소 조건과 close > MA50 조건을 만족할 때 TRUE입니다. Score는 0.65*TE63 + 0.35*TE126이며, TE는 return과 efficiency ratio를 곱한 trend-energy 지표입니다. Entry: 첫 signal 이후 5거래일 안에 종가가 직전 5일 고점을 돌파하면 다음 거래일 open에 진입합니다.",969,-0.000966734046058066,-0.0011263751234579233,0.4241486068111455,0.0014688452718360444,0.003241798470652091,0.5884177869700103,0.001627800067244953,0.0031783270551009046,0.5822130299896587,0.005562456743234752,0.003069424767984774,0.5496342737722049,0.0269088212727406,0.019205053932337623,0.6711864406779661,0.048672692094804834,0.033313232740050935,-0.02989309226192362,-0.0224990998377107
score_bo_l20_rp002_erp015,Score BO L20 R20>=0.02 ER20>=0.15,first_signal,First signal,"{""close_filter"": ""close > ma50"", ""er20_min"": 0.15, ""family"": ""score_breakout"", ""r20_min"": 0.02, ""score_lookback"": 20}","Signal: Score breakout signal. Score가 직전 lookback 거래일 고점을 돌파하고, R20/ER20 최소 조건과 close > MA50 조건을 만족할 때 TRUE입니다. Score는 0.65*TE63 + 0.35*TE126이며, TE는 return과 efficiency ratio를 곱한 trend-energy 지표입니다. Entry: Signal이 FALSE에서 TRUE로 처음 바뀐 날을 확인하고 다음 거래일 open에 진입합니다.",1957,0.0006925024357801288,0.0010380860567995587,0.5574859478794073,0.0021346029357685765,0.0013253024106937294,0.5251024590163934,0.00318710811281998,0.003621747574629186,0.610655737704918,0.00777352251923501,0.005327481102773146,0.5881742738589212,0.02617737509081693,0.019094083041986565,0.7045184304399524,0.046348501442774845,0.03377445591870387,-0.027029254344276082,-0.020893602933061972
score_bo_l20_rp002_erp015,Score BO L20 R20>=0.02 ER20>=0.15,signal_2d_confirm,Signal 2D confirm,"{""close_filter"": ""close > ma50"", ""er20_min"": 0.15, ""family"": ""score_breakout"", ""r20_min"": 0.02, ""score_lookback"": 20}","Signal: Score breakout signal. Score가 직전 lookback 거래일 고점을 돌파하고, R20/ER20 최소 조건과 close > MA50 조건을 만족할 때 TRUE입니다. Score는 0.65*TE63 + 0.35*TE126이며, TE는 return과 efficiency ratio를 곱한 trend-energy 지표입니다. Entry: Signal TRUE가 2거래일 연속 유지된 날을 확인하고 다음 거래일 open에 진입합니다.",1006,-0.001628899970859255,-0.001692687348230748,0.3727634194831014,0.001569370427029852,0.0034875966457270646,0.5900497512437811,0.0006946771419928413,0.0035613522588788804,0.5771144278606966,0.0040642232703323915,0.0025871788470757107,0.5479041916167665,0.021788064945930902,0.015514746175513627,0.6562860438292965,0.044494657744929694,0.03150539600841473,-0.02926648334167176,-0.02125566010479002
score_bo_l20_rp002_erp015,Score BO L20 R20>=0.02 ER20>=0.15,signal_3d_confirm,Signal 3D confirm,"{""close_filter"": ""close > ma50"", ""er20_min"": 0.15, ""family"": ""score_breakout"", ""r20_min"": 0.02, ""score_lookback"": 20}","Signal: Score breakout signal. Score가 직전 lookback 거래일 고점을 돌파하고, R20/ER20 최소 조건과 close > MA50 조건을 만족할 때 TRUE입니다. Score는 0.65*TE63 + 0.35*TE126이며, TE는 return과 efficiency ratio를 곱한 trend-energy 지표입니다. Entry: Signal TRUE가 3거래일 연속 유지된 날을 확인하고 다음 거래일 open에 진입합니다.",391,-0.0005787806114706577,-0.0004146461596474804,0.47058823529411764,-0.0026709249937345294,0.0006339572878319988,0.5140664961636828,7.222310570779289e-05,0.004095628285567754,0.5728900255754475,0.003796736004933195,0.006895238384392988,0.6163682864450127,0.01779330218943991,0.004999970237496099,0.60932944606414,0.04934717402958653,0.03465641381429885,-0.03057591689966737,-0.018113355248372653
score_bo_l20_rp002_erp015,Score BO L20 R20>=0.02 ER20>=0.15,breakout_5d_after_signal,5D breakout after signal,"{""close_filter"": ""close > ma50"", ""er20_min"": 0.15, ""family"": ""score_breakout"", ""r20_min"": 0.02, ""score_lookback"": 20}","Signal: Score breakout signal. Score가 직전 lookback 거래일 고점을 돌파하고, R20/ER20 최소 조건과 close > MA50 조건을 만족할 때 TRUE입니다. Score는 0.65*TE63 + 0.35*TE126이며, TE는 return과 efficiency ratio를 곱한 trend-energy 지표입니다. Entry: 첫 signal 이후 5거래일 안에 종가가 직전 5일 고점을 돌파하면 다음 거래일 open에 진입합니다.",934,-0.0008967971769769204,-0.0010130065304477243,0.42933618843683086,0.0018126503171821383,0.003488405610089007,0.6030042918454935,0.0017340955037972235,0.0036954983168674405,0.592274678111588,0.005865106654982981,0.00349041100048042,0.5574837310195228,0.027726364815106635,0.019954773454433417,0.6807017543859649,0.04952587681404446,0.03412328573307577,-0.02983369561185661,-0.021732338779283156
score_bo_l40_rm002_erp005,Score BO L40 R20>=-0.02 ER20>=0.05,first_signal,First signal,"{""close_filter"": ""close > ma50"", ""er20_min"": 0.05, ""family"": ""score_breakout"", ""r20_min"": -0.02, ""score_lookback"": 40}","Signal: Score breakout signal. Score가 직전 lookback 거래일 고점을 돌파하고, R20/ER20 최소 조건과 close > MA50 조건을 만족할 때 TRUE입니다. Score는 0.65*TE63 + 0.35*TE126이며, TE는 return과 efficiency ratio를 곱한 trend-energy 지표입니다. Entry: Signal이 FALSE에서 TRUE로 처음 바뀐 날을 확인하고 다음 거래일 open에 진입합니다.",1832,-0.00036938969796559745,0.0,0.4885371179039301,-0.00012555563456753354,0.0003983019231038609,0.5240174672489083,5.649280789091105e-05,0.000787037984440131,0.5500273373428103,0.0031556378817338936,0.0007674678997495743,0.5175292153589316,0.016987389068770627,0.009451655157910799,0.6677524429967426,0.03329464660538709,0.021714317435186703,-0.026599099245489054,-0.02024172616434511
score_bo_l40_rm002_erp005,Score BO L40 R20>=-0.02 ER20>=0.05,signal_2d_confirm,Signal 2D confirm,"{""close_filter"": ""close > ma50"", ""er20_min"": 0.05, ""family"": ""score_breakout"", ""r20_min"": -0.02, ""score_lookback"": 40}","Signal: Score breakout signal. Score가 직전 lookback 거래일 고점을 돌파하고, R20/ER20 최소 조건과 close > MA50 조건을 만족할 때 TRUE입니다. Score는 0.65*TE63 + 0.35*TE126이며, TE는 return과 efficiency ratio를 곱한 trend-energy 지표입니다. Entry: Signal TRUE가 2거래일 연속 유지된 날을 확인하고 다음 거래일 open에 진입합니다.",865,-0.0017275227687095526,-0.0014524660202458461,0.3329479768786127,-0.0022205098020426474,-0.00012895664264139794,0.4895833333333333,-0.0023590841274294125,0.00018996034372820159,0.5023148148148148,-0.00023023808454670456,-0.0008941307251333352,0.4831591173054588,0.009599751359887429,0.0025480207915580255,0.5446880269814502,0.03118477429486169,0.019709158425466944,-0.029446285790396678,-0.021546353730773404
score_bo_l40_rm002_erp005,Score BO L40 R20>=-0.02 ER20>=0.05,signal_3d_confirm,Signal 3D confirm,"{""close_filter"": ""close > ma50"", ""er20_min"": 0.05, ""family"": ""score_breakout"", ""r20_min"": -0.02, ""score_lookback"": 40}","Signal: Score breakout signal. Score가 직전 lookback 거래일 고점을 돌파하고, R20/ER20 최소 조건과 close > MA50 조건을 만족할 때 TRUE입니다. Score는 0.65*TE63 + 0.35*TE126이며, TE는 return과 efficiency ratio를 곱한 trend-energy 지표입니다. Entry: Signal TRUE가 3거래일 연속 유지된 날을 확인하고 다음 거래일 open에 진입합니다.",301,0.00020279313806402286,0.00045769919342864007,0.5282392026578073,-0.003914207513096352,0.0008810056104012753,0.5266666666666666,-0.0021036036502565824,0.0014874186795486022,0.5566666666666666,0.0005365711124118108,0.002600446421472169,0.57,-0.0006343252262664045,-0.000613917986927448,0.4808510638297872,0.03654100449539332,0.027533347942860775,-0.03304763794243856,-0.01964128972029555
score_bo_l40_rm002_erp005,Score BO L40 R20>=-0.02 ER20>=0.05,breakout_5d_after_signal,5D breakout after signal,"{""close_filter"": ""close > ma50"", ""er20_min"": 0.05, ""family"": ""score_breakout"", ""r20_min"": -0.02, ""score_lookback"": 40}","Signal: Score breakout signal. Score가 직전 lookback 거래일 고점을 돌파하고, R20/ER20 최소 조건과 close > MA50 조건을 만족할 때 TRUE입니다. Score는 0.65*TE63 + 0.35*TE126이며, TE는 return과 efficiency ratio를 곱한 trend-energy 지표입니다. Entry: 첫 signal 이후 5거래일 안에 종가가 직전 5일 고점을 돌파하면 다음 거래일 open에 진입합니다.",743,-0.0015428261634416879,-0.0017554182980508148,0.3283983849259758,-0.0023402276462978575,-5.796151857356824e-05,0.48247978436657685,-0.0024310628086228188,-0.0005098255925836126,0.4844804318488529,-0.0010027942818056738,-0.0029037684631502136,0.43091655266757867,0.014113378943102299,0.003381359628789271,0.5622837370242214,0.03503505809843227,0.0203108147418829,-0.0326234489969937,-0.025728368443572625
score_bo_l40_rm002_erp010,Score BO L40 R20>=-0.02 ER20>=0.10,first_signal,First signal,"{""close_filter"": ""close > ma50"", ""er20_min"": 0.1, ""family"": ""score_breakout"", ""r20_min"": -0.02, ""score_lookback"": 40}","Signal: Score breakout signal. Score가 직전 lookback 거래일 고점을 돌파하고, R20/ER20 최소 조건과 close > MA50 조건을 만족할 때 TRUE입니다. Score는 0.65*TE63 + 0.35*TE126이며, TE는 return과 efficiency ratio를 곱한 trend-energy 지표입니다. Entry: Signal이 FALSE에서 TRUE로 처음 바뀐 날을 확인하고 다음 거래일 open에 진입합니다.",1717,-0.0002493023835294139,0.0,0.4979615608619686,0.0003162134159435865,0.0005100856473008175,0.5340710541642399,0.00024047615198366534,0.0008406783429656395,0.5548424737456242,0.0031077841243294397,0.00042332858061822076,0.5077288941736029,0.017341637825248356,0.009447827758822358,0.6705981465880371,0.034187097753441496,0.022308003073021165,-0.027023227117632692,-0.020098234870133624
score_bo_l40_rm002_erp010,Score BO L40 R20>=-0.02 ER20>=0.10,signal_2d_confirm,Signal 2D confirm,"{""close_filter"": ""close > ma50"", ""er20_min"": 0.1, ""family"": ""score_breakout"", ""r20_min"": -0.02, ""score_lookback"": 40}","Signal: Score breakout signal. Score가 직전 lookback 거래일 고점을 돌파하고, R20/ER20 최소 조건과 close > MA50 조건을 만족할 때 TRUE입니다. Score는 0.65*TE63 + 0.35*TE126이며, TE는 return과 efficiency ratio를 곱한 trend-energy 지표입니다. Entry: Signal TRUE가 2거래일 연속 유지된 날을 확인하고 다음 거래일 open에 진입합니다.",802,-0.0017815210628777725,-0.001600595903968438,0.3167082294264339,-0.0025216730830086797,-0.00019449924209813396,0.484394506866417,-0.0026687175378753915,-4.182892332504906e-08,0.4993757802746567,-0.0006600910643065156,-0.0013238804333407517,0.47368421052631576,0.010030450684299499,0.0026905626286741757,0.553415061295972,0.031874811925171435,0.019299190303281533,-0.030570927229311453,-0.022847596737033016
score_bo_l40_rm002_erp010,Score BO L40 R20>=-0.02 ER20>=0.10,signal_3d_confirm,Signal 3D confirm,"{""close_filter"": ""close > ma50"", ""er20_min"": 0.1, ""family"": ""score_breakout"", ""r20_min"": -0.02, ""score_lookback"": 40}","Signal: Score breakout signal. Score가 직전 lookback 거래일 고점을 돌파하고, R20/ER20 최소 조건과 close > MA50 조건을 만족할 때 TRUE입니다. Score는 0.65*TE63 + 0.35*TE126이며, TE는 return과 efficiency ratio를 곱한 trend-energy 지표입니다. Entry: Signal TRUE가 3거래일 연속 유지된 날을 확인하고 다음 거래일 open에 진입합니다.",296,0.00023155914631284188,0.00025296533994789705,0.5202702702702703,-0.0043048876084906245,0.0008674908079415733,0.5254237288135594,-0.002186078695435931,0.0012321768098566555,0.5491525423728814,0.00016991076889048072,0.002560847918582132,0.5694915254237288,-0.0011387601472696784,-0.0007681393460967634,0.47844827586206895,0.03634345578638389,0.027504053873971368,-0.033432723916823025,-0.01967694844279122
score_bo_l40_rm002_erp010,Score BO L40 R20>=-0.02 ER20>=0.10,breakout_5d_after_signal,5D breakout after signal,"{""close_filter"": ""close > ma50"", ""er20_min"": 0.1, ""family"": ""score_breakout"", ""r20_min"": -0.02, ""score_lookback"": 40}","Signal: Score breakout signal. Score가 직전 lookback 거래일 고점을 돌파하고, R20/ER20 최소 조건과 close > MA50 조건을 만족할 때 TRUE입니다. Score는 0.65*TE63 + 0.35*TE126이며, TE는 return과 efficiency ratio를 곱한 trend-energy 지표입니다. Entry: 첫 signal 이후 5거래일 안에 종가가 직전 5일 고점을 돌파하면 다음 거래일 open에 진입합니다.",713,-0.0015672382402615813,-0.001653381492091155,0.33099579242636745,-0.0022600885531397492,-7.598151552379306e-09,0.49297752808988765,-0.0022698487921898446,-0.000353266806354946,0.4936708860759494,-0.0007149501102207443,-0.0024765698433667493,0.43794579172610554,0.014669347110624805,0.0037214758041372864,0.5686274509803921,0.035898950547758005,0.021169663203147504,-0.03302038352607145,-0.026159057838181066
score_bo_l40_rm002_erp015,Score BO L40 R20>=-0.02 ER20>=0.15,first_signal,First signal,"{""close_filter"": ""close > ma50"", ""er20_min"": 0.15, ""family"": ""score_breakout"", ""r20_min"": -0.02, ""score_lookback"": 40}","Signal: Score breakout signal. Score가 직전 lookback 거래일 고점을 돌파하고, R20/ER20 최소 조건과 close > MA50 조건을 만족할 때 TRUE입니다. Score는 0.65*TE63 + 0.35*TE126이며, TE는 return과 efficiency ratio를 곱한 trend-energy 지표입니다. Entry: Signal이 FALSE에서 TRUE로 처음 바뀐 날을 확인하고 다음 거래일 open에 진입합니다.",1559,-0.0001233905643117634,0.0,0.49583066067992304,0.0005892282966817806,0.000583844640129394,0.5388069275176395,0.00036070388091794447,0.0010576910518009797,0.5655526992287918,0.003389582220163474,0.000715082900015318,0.5160235448005233,0.017624261834247652,0.009039767632622042,0.6678571428571428,0.03576223128241635,0.023670241433083383,-0.02799919386020418,-0.020893602933061972
score_bo_l40_rm002_erp015,Score BO L40 R20>=-0.02 ER20>=0.15,signal_2d_confirm,Signal 2D confirm,"{""close_filter"": ""close > ma50"", ""er20_min"": 0.15, ""family"": ""score_breakout"", ""r20_min"": -0.02, ""score_lookback"": 40}","Signal: Score breakout signal. Score가 직전 lookback 거래일 고점을 돌파하고, R20/ER20 최소 조건과 close > MA50 조건을 만족할 때 TRUE입니다. Score는 0.65*TE63 + 0.35*TE126이며, TE는 return과 efficiency ratio를 곱한 trend-energy 지표입니다. Entry: Signal TRUE가 2거래일 연속 유지된 날을 확인하고 다음 거래일 open에 진입합니다.",724,-0.001797208832802947,-0.0016403139910133313,0.32044198895027626,-0.002300934558924329,0.00019865216551306908,0.5103734439834025,-0.002524264893521313,0.0005835211242122273,0.5172890733056709,-0.000722698437517091,-0.0012361881025457766,0.48055555555555557,0.010668167597063115,0.0028939074864422487,0.5615671641791045,0.03363031618755047,0.02090453900251421,-0.031862582624866506,-0.023744523795808437
score_bo_l40_rm002_erp015,Score BO L40 R20>=-0.02 ER20>=0.15,signal_3d_confirm,Signal 3D confirm,"{""close_filter"": ""close > ma50"", ""er20_min"": 0.15, ""family"": ""score_breakout"", ""r20_min"": -0.02, ""score_lookback"": 40}","Signal: Score breakout signal. Score가 직전 lookback 거래일 고점을 돌파하고, R20/ER20 최소 조건과 close > MA50 조건을 만족할 때 TRUE입니다. Score는 0.65*TE63 + 0.35*TE126이며, TE는 return과 efficiency ratio를 곱한 trend-energy 지표입니다. Entry: Signal TRUE가 3거래일 연속 유지된 날을 확인하고 다음 거래일 open에 진입합니다.",281,0.00014416660673318045,0.00024896419216968724,0.5231316725978647,-0.004943128921194607,0.0006263192341871004,0.5178571428571429,-0.002579849289024158,0.001225944485896635,0.5464285714285714,-0.0008544588244798816,0.002055884120793272,0.5571428571428572,-0.0012812484383032188,-0.0007681393460967634,0.47767857142857145,0.03654199616997143,0.02747475980508196,-0.03457523402808633,-0.020146423579454176
score_bo_l40_rm002_erp015,Score BO L40 R20>=-0.02 ER20>=0.15,breakout_5d_after_signal,5D breakout after signal,"{""close_filter"": ""close > ma50"", ""er20_min"": 0.15, ""family"": ""score_breakout"", ""r20_min"": -0.02, ""score_lookback"": 40}","Signal: Score breakout signal. Score가 직전 lookback 거래일 고점을 돌파하고, R20/ER20 최소 조건과 close > MA50 조건을 만족할 때 TRUE입니다. Score는 0.65*TE63 + 0.35*TE126이며, TE는 return과 efficiency ratio를 곱한 trend-energy 지표입니다. Entry: 첫 signal 이후 5거래일 안에 종가가 직전 5일 고점을 돌파하면 다음 거래일 open에 진입합니다.",670,-0.0015436918606724092,-0.0018406847730163545,0.3238805970149254,-0.002177442774300901,0.0001976981786877552,0.5142002989536621,-0.0021975551124005514,5.629428629633226e-05,0.5,-0.0005444696638978645,-0.002298279929157543,0.4505327245053272,0.015147674292290133,0.004016093420854405,0.5714285714285714,0.03715359395581476,0.021771551921151766,-0.03377098943495422,-0.026624371223579135
score_bo_l40_rp000_erp005,Score BO L40 R20>=0.00 ER20>=0.05,first_signal,First signal,"{""close_filter"": ""close > ma50"", ""er20_min"": 0.05, ""family"": ""score_breakout"", ""r20_min"": 0.0, ""score_lookback"": 40}","Signal: Score breakout signal. Score가 직전 lookback 거래일 고점을 돌파하고, R20/ER20 최소 조건과 close > MA50 조건을 만족할 때 TRUE입니다. Score는 0.65*TE63 + 0.35*TE126이며, TE는 return과 efficiency ratio를 곱한 trend-energy 지표입니다. Entry: Signal이 FALSE에서 TRUE로 처음 바뀐 날을 확인하고 다음 거래일 open에 진입합니다.",1832,-0.00036938969796559745,0.0,0.4885371179039301,-0.00012555563456753354,0.0003983019231038609,0.5240174672489083,5.649280789091105e-05,0.000787037984440131,0.5500273373428103,0.0031556378817338936,0.0007674678997495743,0.5175292153589316,0.016987389068770627,0.009451655157910799,0.6677524429967426,0.03329464660538709,0.021714317435186703,-0.026599099245489054,-0.02024172616434511
score_bo_l40_rp000_erp005,Score BO L40 R20>=0.00 ER20>=0.05,signal_2d_confirm,Signal 2D confirm,"{""close_filter"": ""close > ma50"", ""er20_min"": 0.05, ""family"": ""score_breakout"", ""r20_min"": 0.0, ""score_lookback"": 40}","Signal: Score breakout signal. Score가 직전 lookback 거래일 고점을 돌파하고, R20/ER20 최소 조건과 close > MA50 조건을 만족할 때 TRUE입니다. Score는 0.65*TE63 + 0.35*TE126이며, TE는 return과 efficiency ratio를 곱한 trend-energy 지표입니다. Entry: Signal TRUE가 2거래일 연속 유지된 날을 확인하고 다음 거래일 open에 진입합니다.",865,-0.0017275227687095526,-0.0014524660202458461,0.3329479768786127,-0.0022205098020426474,-0.00012895664264139794,0.4895833333333333,-0.0023590841274294125,0.00018996034372820159,0.5023148148148148,-0.00023023808454670456,-0.0008941307251333352,0.4831591173054588,0.009599751359887429,0.0025480207915580255,0.5446880269814502,0.03118477429486169,0.019709158425466944,-0.029446285790396678,-0.021546353730773404
score_bo_l40_rp000_erp005,Score BO L40 R20>=0.00 ER20>=0.05,signal_3d_confirm,Signal 3D confirm,"{""close_filter"": ""close > ma50"", ""er20_min"": 0.05, ""family"": ""score_breakout"", ""r20_min"": 0.0, ""score_lookback"": 40}","Signal: Score breakout signal. Score가 직전 lookback 거래일 고점을 돌파하고, R20/ER20 최소 조건과 close > MA50 조건을 만족할 때 TRUE입니다. Score는 0.65*TE63 + 0.35*TE126이며, TE는 return과 efficiency ratio를 곱한 trend-energy 지표입니다. Entry: Signal TRUE가 3거래일 연속 유지된 날을 확인하고 다음 거래일 open에 진입합니다.",301,0.00020279313806402286,0.00045769919342864007,0.5282392026578073,-0.003914207513096352,0.0008810056104012753,0.5266666666666666,-0.0021036036502565824,0.0014874186795486022,0.5566666666666666,0.0005365711124118108,0.002600446421472169,0.57,-0.0006343252262664045,-0.000613917986927448,0.4808510638297872,0.03654100449539332,0.027533347942860775,-0.03304763794243856,-0.01964128972029555
score_bo_l40_rp000_erp005,Score BO L40 R20>=0.00 ER20>=0.05,breakout_5d_after_signal,5D breakout after signal,"{""close_filter"": ""close > ma50"", ""er20_min"": 0.05, ""family"": ""score_breakout"", ""r20_min"": 0.0, ""score_lookback"": 40}","Signal: Score breakout signal. Score가 직전 lookback 거래일 고점을 돌파하고, R20/ER20 최소 조건과 close > MA50 조건을 만족할 때 TRUE입니다. Score는 0.65*TE63 + 0.35*TE126이며, TE는 return과 efficiency ratio를 곱한 trend-energy 지표입니다. Entry: 첫 signal 이후 5거래일 안에 종가가 직전 5일 고점을 돌파하면 다음 거래일 open에 진입합니다.",743,-0.0015428261634416879,-0.0017554182980508148,0.3283983849259758,-0.0023402276462978575,-5.796151857356824e-05,0.48247978436657685,-0.0024310628086228188,-0.0005098255925836126,0.4844804318488529,-0.0010027942818056738,-0.0029037684631502136,0.43091655266757867,0.014113378943102299,0.003381359628789271,0.5622837370242214,0.03503505809843227,0.0203108147418829,-0.0326234489969937,-0.025728368443572625
score_bo_l40_rp000_erp010,Score BO L40 R20>=0.00 ER20>=0.10,first_signal,First signal,"{""close_filter"": ""close > ma50"", ""er20_min"": 0.1, ""family"": ""score_breakout"", ""r20_min"": 0.0, ""score_lookback"": 40}","Signal: Score breakout signal. Score가 직전 lookback 거래일 고점을 돌파하고, R20/ER20 최소 조건과 close > MA50 조건을 만족할 때 TRUE입니다. Score는 0.65*TE63 + 0.35*TE126이며, TE는 return과 efficiency ratio를 곱한 trend-energy 지표입니다. Entry: Signal이 FALSE에서 TRUE로 처음 바뀐 날을 확인하고 다음 거래일 open에 진입합니다.",1717,-0.0002493023835294139,0.0,0.4979615608619686,0.0003162134159435865,0.0005100856473008175,0.5340710541642399,0.00024047615198366534,0.0008406783429656395,0.5548424737456242,0.0031077841243294397,0.00042332858061822076,0.5077288941736029,0.017341637825248356,0.009447827758822358,0.6705981465880371,0.034187097753441496,0.022308003073021165,-0.027023227117632692,-0.020098234870133624
score_bo_l40_rp000_erp010,Score BO L40 R20>=0.00 ER20>=0.10,signal_2d_confirm,Signal 2D confirm,"{""close_filter"": ""close > ma50"", ""er20_min"": 0.1, ""family"": ""score_breakout"", ""r20_min"": 0.0, ""score_lookback"": 40}","Signal: Score breakout signal. Score가 직전 lookback 거래일 고점을 돌파하고, R20/ER20 최소 조건과 close > MA50 조건을 만족할 때 TRUE입니다. Score는 0.65*TE63 + 0.35*TE126이며, TE는 return과 efficiency ratio를 곱한 trend-energy 지표입니다. Entry: Signal TRUE가 2거래일 연속 유지된 날을 확인하고 다음 거래일 open에 진입합니다.",802,-0.0017815210628777725,-0.001600595903968438,0.3167082294264339,-0.0025216730830086797,-0.00019449924209813396,0.484394506866417,-0.0026687175378753915,-4.182892332504906e-08,0.4993757802746567,-0.0006600910643065156,-0.0013238804333407517,0.47368421052631576,0.010030450684299499,0.0026905626286741757,0.553415061295972,0.031874811925171435,0.019299190303281533,-0.030570927229311453,-0.022847596737033016
score_bo_l40_rp000_erp010,Score BO L40 R20>=0.00 ER20>=0.10,signal_3d_confirm,Signal 3D confirm,"{""close_filter"": ""close > ma50"", ""er20_min"": 0.1, ""family"": ""score_breakout"", ""r20_min"": 0.0, ""score_lookback"": 40}","Signal: Score breakout signal. Score가 직전 lookback 거래일 고점을 돌파하고, R20/ER20 최소 조건과 close > MA50 조건을 만족할 때 TRUE입니다. Score는 0.65*TE63 + 0.35*TE126이며, TE는 return과 efficiency ratio를 곱한 trend-energy 지표입니다. Entry: Signal TRUE가 3거래일 연속 유지된 날을 확인하고 다음 거래일 open에 진입합니다.",296,0.00023155914631284188,0.00025296533994789705,0.5202702702702703,-0.0043048876084906245,0.0008674908079415733,0.5254237288135594,-0.002186078695435931,0.0012321768098566555,0.5491525423728814,0.00016991076889048072,0.002560847918582132,0.5694915254237288,-0.0011387601472696784,-0.0007681393460967634,0.47844827586206895,0.03634345578638389,0.027504053873971368,-0.033432723916823025,-0.01967694844279122
score_bo_l40_rp000_erp010,Score BO L40 R20>=0.00 ER20>=0.10,breakout_5d_after_signal,5D breakout after signal,"{""close_filter"": ""close > ma50"", ""er20_min"": 0.1, ""family"": ""score_breakout"", ""r20_min"": 0.0, ""score_lookback"": 40}","Signal: Score breakout signal. Score가 직전 lookback 거래일 고점을 돌파하고, R20/ER20 최소 조건과 close > MA50 조건을 만족할 때 TRUE입니다. Score는 0.65*TE63 + 0.35*TE126이며, TE는 return과 efficiency ratio를 곱한 trend-energy 지표입니다. Entry: 첫 signal 이후 5거래일 안에 종가가 직전 5일 고점을 돌파하면 다음 거래일 open에 진입합니다.",713,-0.0015672382402615813,-0.001653381492091155,0.33099579242636745,-0.0022600885531397492,-7.598151552379306e-09,0.49297752808988765,-0.0022698487921898446,-0.000353266806354946,0.4936708860759494,-0.0007149501102207443,-0.0024765698433667493,0.43794579172610554,0.014669347110624805,0.0037214758041372864,0.5686274509803921,0.035898950547758005,0.021169663203147504,-0.03302038352607145,-0.026159057838181066
score_bo_l40_rp000_erp015,Score BO L40 R20>=0.00 ER20>=0.15,first_signal,First signal,"{""close_filter"": ""close > ma50"", ""er20_min"": 0.15, ""family"": ""score_breakout"", ""r20_min"": 0.0, ""score_lookback"": 40}","Signal: Score breakout signal. Score가 직전 lookback 거래일 고점을 돌파하고, R20/ER20 최소 조건과 close > MA50 조건을 만족할 때 TRUE입니다. Score는 0.65*TE63 + 0.35*TE126이며, TE는 return과 efficiency ratio를 곱한 trend-energy 지표입니다. Entry: Signal이 FALSE에서 TRUE로 처음 바뀐 날을 확인하고 다음 거래일 open에 진입합니다.",1559,-0.0001233905643117634,0.0,0.49583066067992304,0.0005892282966817806,0.000583844640129394,0.5388069275176395,0.00036070388091794447,0.0010576910518009797,0.5655526992287918,0.003389582220163474,0.000715082900015318,0.5160235448005233,0.017624261834247652,0.009039767632622042,0.6678571428571428,0.03576223128241635,0.023670241433083383,-0.02799919386020418,-0.020893602933061972
score_bo_l40_rp000_erp015,Score BO L40 R20>=0.00 ER20>=0.15,signal_2d_confirm,Signal 2D confirm,"{""close_filter"": ""close > ma50"", ""er20_min"": 0.15, ""family"": ""score_breakout"", ""r20_min"": 0.0, ""score_lookback"": 40}","Signal: Score breakout signal. Score가 직전 lookback 거래일 고점을 돌파하고, R20/ER20 최소 조건과 close > MA50 조건을 만족할 때 TRUE입니다. Score는 0.65*TE63 + 0.35*TE126이며, TE는 return과 efficiency ratio를 곱한 trend-energy 지표입니다. Entry: Signal TRUE가 2거래일 연속 유지된 날을 확인하고 다음 거래일 open에 진입합니다.",724,-0.001797208832802947,-0.0016403139910133313,0.32044198895027626,-0.002300934558924329,0.00019865216551306908,0.5103734439834025,-0.002524264893521313,0.0005835211242122273,0.5172890733056709,-0.000722698437517091,-0.0012361881025457766,0.48055555555555557,0.010668167597063115,0.0028939074864422487,0.5615671641791045,0.03363031618755047,0.02090453900251421,-0.031862582624866506,-0.023744523795808437
score_bo_l40_rp000_erp015,Score BO L40 R20>=0.00 ER20>=0.15,signal_3d_confirm,Signal 3D confirm,"{""close_filter"": ""close > ma50"", ""er20_min"": 0.15, ""family"": ""score_breakout"", ""r20_min"": 0.0, ""score_lookback"": 40}","Signal: Score breakout signal. Score가 직전 lookback 거래일 고점을 돌파하고, R20/ER20 최소 조건과 close > MA50 조건을 만족할 때 TRUE입니다. Score는 0.65*TE63 + 0.35*TE126이며, TE는 return과 efficiency ratio를 곱한 trend-energy 지표입니다. Entry: Signal TRUE가 3거래일 연속 유지된 날을 확인하고 다음 거래일 open에 진입합니다.",281,0.00014416660673318045,0.00024896419216968724,0.5231316725978647,-0.004943128921194607,0.0006263192341871004,0.5178571428571429,-0.002579849289024158,0.001225944485896635,0.5464285714285714,-0.0008544588244798816,0.002055884120793272,0.5571428571428572,-0.0012812484383032188,-0.0007681393460967634,0.47767857142857145,0.03654199616997143,0.02747475980508196,-0.03457523402808633,-0.020146423579454176
score_bo_l40_rp000_erp015,Score BO L40 R20>=0.00 ER20>=0.15,breakout_5d_after_signal,5D breakout after signal,"{""close_filter"": ""close > ma50"", ""er20_min"": 0.15, ""family"": ""score_breakout"", ""r20_min"": 0.0, ""score_lookback"": 40}","Signal: Score breakout signal. Score가 직전 lookback 거래일 고점을 돌파하고, R20/ER20 최소 조건과 close > MA50 조건을 만족할 때 TRUE입니다. Score는 0.65*TE63 + 0.35*TE126이며, TE는 return과 efficiency ratio를 곱한 trend-energy 지표입니다. Entry: 첫 signal 이후 5거래일 안에 종가가 직전 5일 고점을 돌파하면 다음 거래일 open에 진입합니다.",670,-0.0015436918606724092,-0.0018406847730163545,0.3238805970149254,-0.002177442774300901,0.0001976981786877552,0.5142002989536621,-0.0021975551124005514,5.629428629633226e-05,0.5,-0.0005444696638978645,-0.002298279929157543,0.4505327245053272,0.015147674292290133,0.004016093420854405,0.5714285714285714,0.03715359395581476,0.021771551921151766,-0.03377098943495422,-0.026624371223579135
score_bo_l40_rp002_erp005,Score BO L40 R20>=0.02 ER20>=0.05,first_signal,First signal,"{""close_filter"": ""close > ma50"", ""er20_min"": 0.05, ""family"": ""score_breakout"", ""r20_min"": 0.02, ""score_lookback"": 40}","Signal: Score breakout signal. Score가 직전 lookback 거래일 고점을 돌파하고, R20/ER20 최소 조건과 close > MA50 조건을 만족할 때 TRUE입니다. Score는 0.65*TE63 + 0.35*TE126이며, TE는 return과 efficiency ratio를 곱한 trend-energy 지표입니다. Entry: Signal이 FALSE에서 TRUE로 처음 바뀐 날을 확인하고 다음 거래일 open에 진입합니다.",1350,-0.00018826268276486648,0.0001166065183976217,0.5037037037037037,0.00026301845890893164,0.00022429892428788012,0.502962962962963,0.00013394615229379972,0.0016092377051430962,0.5444444444444444,0.0038876851115527823,0.0009672570661376501,0.5162019593067069,0.018472116157328987,0.011406315065043193,0.6600938967136151,0.041245748771426415,0.029014635808303657,-0.03233363898024116,-0.02597149140559951
score_bo_l40_rp002_erp005,Score BO L40 R20>=0.02 ER20>=0.05,signal_2d_confirm,Signal 2D confirm,"{""close_filter"": ""close > ma50"", ""er20_min"": 0.05, ""family"": ""score_breakout"", ""r20_min"": 0.02, ""score_lookback"": 40}","Signal: Score breakout signal. Score가 직전 lookback 거래일 고점을 돌파하고, R20/ER20 최소 조건과 close > MA50 조건을 만족할 때 TRUE입니다. Score는 0.65*TE63 + 0.35*TE126이며, TE는 return과 efficiency ratio를 곱한 trend-energy 지표입니다. Entry: Signal TRUE가 2거래일 연속 유지된 날을 확인하고 다음 거래일 open에 진입합니다.",662,-0.0019644160362131823,-0.002331739542616784,0.3293051359516616,-0.0026901836305389844,4.7477649589566795e-08,0.5015105740181269,-0.0027692701707153966,0.0013558644280121657,0.5196374622356495,-0.000654714952441444,-0.0019247865517075802,0.47344461305007585,0.011140653279568216,0.0038589888959382757,0.5598455598455598,0.037315848302314596,0.024861451206816376,-0.03531013364709525,-0.028650800251494746
score_bo_l40_rp002_erp005,Score BO L40 R20>=0.02 ER20>=0.05,signal_3d_confirm,Signal 3D confirm,"{""close_filter"": ""close > ma50"", ""er20_min"": 0.05, ""family"": ""score_breakout"", ""r20_min"": 0.02, ""score_lookback"": 40}","Signal: Score breakout signal. Score가 직전 lookback 거래일 고점을 돌파하고, R20/ER20 최소 조건과 close > MA50 조건을 만족할 때 TRUE입니다. Score는 0.65*TE63 + 0.35*TE126이며, TE는 return과 efficiency ratio를 곱한 trend-energy 지표입니다. Entry: Signal TRUE가 3거래일 연속 유지된 날을 확인하고 다음 거래일 open에 진입합니다.",265,0.0001368047395991331,0.0007008210570653706,0.5471698113207547,-0.0048706025742585295,0.0012535059517357894,0.5245283018867924,-0.0026744723914180722,0.003150443663765934,0.539622641509434,-0.00019434051617661692,0.003794612686778942,0.5660377358490566,-0.0016962201802713567,-0.001095050450288071,0.4672897196261682,0.03902428573505539,0.02922318847961103,-0.036624803479870724,-0.023067013143808324
score_bo_l40_rp002_erp005,Score BO L40 R20>=0.02 ER20>=0.05,breakout_5d_after_signal,5D breakout after signal,"{""close_filter"": ""close > ma50"", ""er20_min"": 0.05, ""family"": ""score_breakout"", ""r20_min"": 0.02, ""score_lookback"": 40}","Signal: Score breakout signal. Score가 직전 lookback 거래일 고점을 돌파하고, R20/ER20 최소 조건과 close > MA50 조건을 만족할 때 TRUE입니다. Score는 0.65*TE63 + 0.35*TE126이며, TE는 return과 efficiency ratio를 곱한 trend-energy 지표입니다. Entry: 첫 signal 이후 5거래일 안에 종가가 직전 5일 고점을 돌파하면 다음 거래일 open에 진입합니다.",607,-0.001723881284925461,-0.0026486213596330632,0.32784184514003295,-0.00252210174021564,8.006202069510415e-05,0.5057660626029654,-0.00227792833435052,0.0005033327942318699,0.5057660626029654,-0.00034543860991128965,-0.002362078795856204,0.45652173913043476,0.015410691643599848,0.006306199751499042,0.5612052730696798,0.041353373710682095,0.026839088596997795,-0.037402674650408904,-0.030948181751185744
score_bo_l40_rp002_erp010,Score BO L40 R20>=0.02 ER20>=0.10,first_signal,First signal,"{""close_filter"": ""close > ma50"", ""er20_min"": 0.1, ""family"": ""score_breakout"", ""r20_min"": 0.02, ""score_lookback"": 40}","Signal: Score breakout signal. Score가 직전 lookback 거래일 고점을 돌파하고, R20/ER20 최소 조건과 close > MA50 조건을 만족할 때 TRUE입니다. Score는 0.65*TE63 + 0.35*TE126이며, TE는 return과 efficiency ratio를 곱한 trend-energy 지표입니다. Entry: Signal이 FALSE에서 TRUE로 처음 바뀐 날을 확인하고 다음 거래일 open에 진입합니다.",1345,-0.00016425711365143406,0.00010346680893680293,0.5033457249070632,0.0003479620026334953,0.0004099874271912274,0.5055762081784386,0.00023965986693528577,0.0016968354267419272,0.5472118959107807,0.003974323168463421,0.0010775032401972862,0.5173978819969742,0.01842915690961176,0.011391312086098115,0.6597744360902256,0.04132118474994043,0.029025237062718423,-0.0322559985514953,-0.02588329154684943
score_bo_l40_rp002_erp010,Score BO L40 R20>=0.02 ER20>=0.10,signal_2d_confirm,Signal 2D confirm,"{""close_filter"": ""close > ma50"", ""er20_min"": 0.1, ""family"": ""score_breakout"", ""r20_min"": 0.02, ""score_lookback"": 40}","Signal: Score breakout signal. Score가 직전 lookback 거래일 고점을 돌파하고, R20/ER20 최소 조건과 close > MA50 조건을 만족할 때 TRUE입니다. Score는 0.65*TE63 + 0.35*TE126이며, TE는 return과 efficiency ratio를 곱한 trend-energy 지표입니다. Entry: Signal TRUE가 2거래일 연속 유지된 날을 확인하고 다음 거래일 open에 진입합니다.",659,-0.0019605030130433517,-0.0023175500644742053,0.3292867981790592,-0.0027195435748147787,4.1356339464115877e-08,0.5007587253414264,-0.0028878307215842794,0.001251757914025431,0.5174506828528073,-0.0006933539565037724,-0.0019755623639346465,0.47103658536585363,0.01113432814516421,0.0038589888959382757,0.560077519379845,0.03725131559837863,0.024839989144248564,-0.035405040934197364,-0.02871266889146129
score_bo_l40_rp002_erp010,Score BO L40 R20>=0.02 ER20>=0.10,signal_3d_confirm,Signal 3D confirm,"{""close_filter"": ""close > ma50"", ""er20_min"": 0.1, ""family"": ""score_breakout"", ""r20_min"": 0.02, ""score_lookback"": 40}","Signal: Score breakout signal. Score가 직전 lookback 거래일 고점을 돌파하고, R20/ER20 최소 조건과 close > MA50 조건을 만족할 때 TRUE입니다. Score는 0.65*TE63 + 0.35*TE126이며, TE는 return과 efficiency ratio를 곱한 trend-energy 지표입니다. Entry: Signal TRUE가 3거래일 연속 유지된 날을 확인하고 다음 거래일 open에 진입합니다.",264,0.00018643351609730395,0.0007203562074307168,0.5492424242424242,-0.004914734305559788,0.0012191658796484317,0.5227272727272727,-0.002696953904171462,0.0031353665680410314,0.5378787878787878,-0.0002689872228883984,0.0037338173564059884,0.5643939393939394,-0.0016569216633300905,-0.0010794520884341852,0.4694835680751174,0.03907143352209332,0.029344351686930614,-0.0366760954427973,-0.023002313132753527
score_bo_l40_rp002_erp010,Score BO L40 R20>=0.02 ER20>=0.10,breakout_5d_after_signal,5D breakout after signal,"{""close_filter"": ""close > ma50"", ""er20_min"": 0.1, ""family"": ""score_breakout"", ""r20_min"": 0.02, ""score_lookback"": 40}","Signal: Score breakout signal. Score가 직전 lookback 거래일 고점을 돌파하고, R20/ER20 최소 조건과 close > MA50 조건을 만족할 때 TRUE입니다. Score는 0.65*TE63 + 0.35*TE126이며, TE는 return과 efficiency ratio를 곱한 trend-energy 지표입니다. Entry: 첫 signal 이후 5거래일 안에 종가가 직전 5일 고점을 돌파하면 다음 거래일 open에 진입합니다.",606,-0.001725295416741391,-0.002643602054884009,0.32838283828382836,-0.0025070090628678157,7.964147464545324e-05,0.504950495049505,-0.0023738540109166394,0.00028450553469794304,0.5033003300330033,-0.0003715713802782171,-0.0024282783017267606,0.4539363484087102,0.015420665759621765,0.006306199751499042,0.5614366729678639,0.041355545936732976,0.0268824961798646,-0.037449120543147515,-0.031019820688058697
score_bo_l40_rp002_erp015,Score BO L40 R20>=0.02 ER20>=0.15,first_signal,First signal,"{""close_filter"": ""close > ma50"", ""er20_min"": 0.15, ""family"": ""score_breakout"", ""r20_min"": 0.02, ""score_lookback"": 40}","Signal: Score breakout signal. Score가 직전 lookback 거래일 고점을 돌파하고, R20/ER20 최소 조건과 close > MA50 조건을 만족할 때 TRUE입니다. Score는 0.65*TE63 + 0.35*TE126이며, TE는 return과 efficiency ratio를 곱한 trend-energy 지표입니다. Entry: Signal이 FALSE에서 TRUE로 처음 바뀐 날을 확인하고 다음 거래일 open에 진입합니다.",1293,-0.00011749162242839373,0.0001848652862967981,0.5050270688321732,0.000593131371696775,0.0006948406235431914,0.5096674400618716,0.00033614187550239533,0.0017162766800631335,0.5506573859242073,0.004324770493743168,0.0015492481727654717,0.525984251968504,0.018763353928088866,0.011407004545444188,0.6592449177153921,0.041887695548085704,0.0292251759631188,-0.0324328629075236,-0.02646547523206122
score_bo_l40_rp002_erp015,Score BO L40 R20>=0.02 ER20>=0.15,signal_2d_confirm,Signal 2D confirm,"{""close_filter"": ""close > ma50"", ""er20_min"": 0.15, ""family"": ""score_breakout"", ""r20_min"": 0.02, ""score_lookback"": 40}","Signal: Score breakout signal. Score가 직전 lookback 거래일 고점을 돌파하고, R20/ER20 최소 조건과 close > MA50 조건을 만족할 때 TRUE입니다. Score는 0.65*TE63 + 0.35*TE126이며, TE는 return과 efficiency ratio를 곱한 trend-energy 지표입니다. Entry: Signal TRUE가 2거래일 연속 유지된 날을 확인하고 다음 거래일 open에 진입합니다.",631,-0.001951955698171975,-0.002345929020759363,0.3328050713153724,-0.0024986090368089887,0.0005509598803890015,0.5134706814580031,-0.002752567397123852,0.001436625410178305,0.5229793977812995,-0.0005493565754333236,-0.0017005744670094414,0.4745222929936306,0.011466664617804713,0.004042795776721064,0.564870259481038,0.037965313867931054,0.02510139694028246,-0.035651044214448764,-0.028811188841048718
score_bo_l40_rp002_erp015,Score BO L40 R20>=0.02 ER20>=0.15,signal_3d_confirm,Signal 3D confirm,"{""close_filter"": ""close > ma50"", ""er20_min"": 0.15, ""family"": ""score_breakout"", ""r20_min"": 0.02, ""score_lookback"": 40}","Signal: Score breakout signal. Score가 직전 lookback 거래일 고점을 돌파하고, R20/ER20 최소 조건과 close > MA50 조건을 만족할 때 TRUE입니다. Score는 0.65*TE63 + 0.35*TE126이며, TE는 return과 efficiency ratio를 곱한 trend-energy 지표입니다. Entry: Signal TRUE가 3거래일 연속 유지된 날을 확인하고 다음 거래일 open에 진입합니다.",258,0.00022750531536306248,0.0007203562074307168,0.5503875968992248,-0.005268274887441673,0.0012191658796484317,0.5232558139534884,-0.002706586996236563,0.003427995885456725,0.5426356589147286,-0.0008869206172785185,0.0033678654328584967,0.5581395348837209,-0.0013647434713917536,-0.0009540008689901125,0.47619047619047616,0.039263137184751655,0.030032667154609838,-0.03706482083897404,-0.022267784772772303
score_bo_l40_rp002_erp015,Score BO L40 R20>=0.02 ER20>=0.15,breakout_5d_after_signal,5D breakout after signal,"{""close_filter"": ""close > ma50"", ""er20_min"": 0.15, ""family"": ""score_breakout"", ""r20_min"": 0.02, ""score_lookback"": 40}","Signal: Score breakout signal. Score가 직전 lookback 거래일 고점을 돌파하고, R20/ER20 최소 조건과 close > MA50 조건을 만족할 때 TRUE입니다. Score는 0.65*TE63 + 0.35*TE126이며, TE는 return과 efficiency ratio를 곱한 trend-energy 지표입니다. Entry: 첫 signal 이후 5거래일 안에 종가가 직전 5일 고점을 돌파하면 다음 거래일 open에 진입합니다.",587,-0.0016966354333024852,-0.0025920770752080324,0.33049403747870526,-0.0023734950559066476,0.0004225649249289809,0.5161839863713799,-0.0023067198792243527,0.0005033327942318699,0.5059625212947189,-0.00020500733370489209,-0.0021484353924328126,0.458477508650519,0.015853800163063363,0.0063584296014564945,0.566147859922179,0.041905508046917145,0.027221010932093392,-0.03757339269685858,-0.03120490644347662
